id,website_id,title,T2_S_score,T2_rank
20570047,2268,‘সরকার জনগণের বিরুদ্ধে অবস্থান নিয়েছে’,84.61538462,1.0
20563777,2268,গ্রেপ্তার এলভিশ যাদব,84.61538462,1.0
20563762,2268,সিদ্ধিরগঞ্জে বকেয়া বেতনের দাবিতে সড়ক অবরোধ করে শ্রমিকদের বিক্ষোভ,84.61538462,1.0
20563763,2268,রক্তপাত নাকি শান্তি কোন পথে ট্রাম্প!,84.61538462,1.0
20563765,2268,পাকুন্দিয়ায় আশা’র ফ্রি মেডিকেল ক্যাম্প,84.61538462,1.0
20563766,2268,"সালথায় আওয়ামী লীগের দু’গ্রুপে সংঘর্ষ, আহত ২০",84.61538462,1.0
20563767,2268,ত্রিশালে ৩ পুলিশ কর্মকর্তার ওপর হামলা আসামি ছিনতাই,84.61538462,1.0
20563768,2268,দুর্গাপুরে ৩৪০ বস্তা ভারতীয় চোরাই চিনি জব্দ,84.61538462,1.0
20563769,2268,আলোচনায় রশিদ খানের ‘নো-লুক শট’ ছক্কা,84.61538462,1.0
20563770,2268,যে কারণে নিপুণের প্যানেলে সভাপতি মাহমুদ কলি,84.61538462,1.0
20563771,2268,ক্ষোভ ঝাড়লেন মালেক আফসারী,84.61538462,1.0
20563772,2268,সুখবর দিলেন লিজা,84.61538462,1.0
20563773,2268,সমালোচনার মুখে সোহিনী,84.61538462,1.0
20563774,2268,১৫ বছর পর,84.61538462,1.0
20563775,2268,সুহানার ভিডিও ভাইরাল,84.61538462,1.0
20563776,2268,লন্ডনে সড়ক দুর্ঘটনায় বাংলাদেশি নির্মাতার মৃত্যু,84.61538462,1.0
20563778,2268,আজকের আওয়ামী লীগের নেতাকর্মীরা বঙ্গবন্ধুর আদর্শ মানেন না: ওবায়দুল কাদের,84.61538462,1.0
20563760,2268,ওসমানীর সাদেক ৩ দিনের রিমান্ডে,84.61538462,1.0
20563779,2268,"লড়াই অব্যাহত থাকবে, বিজয় হবেই",84.61538462,1.0
20563780,2268,সন্ত্রাসী কায়দায় অভিযান চলছে,84.61538462,1.0
20563781,2268,ক্যাম্পাসে অনুমতি দেয়নি কর্তৃপক্ষ মূল ফটকের বাইরে শিক্ষার্থীদের ইফতার,84.61538462,1.0
20563782,2268,হাতিয়ায় প্রধান শিক্ষকের দাপটে অভিভাবকরা অসহায়,84.61538462,1.0
20563783,2268,বঙ্গবন্ধুর দেখানো পথে হাঁটছি আমরা- বাউবি উপাচার্য,84.61538462,1.0
20563784,2268,"রাজশাহীতে গাড়ি আটকে চালককে মারধর, ৩ চাঁদাবাজ গ্রেপ্তার",84.61538462,1.0
20563785,2268,বাগেরহাট যুবদলের সাবেক সভাপতিসহ ১৩ নেতাকর্মী কারাগারে,84.61538462,1.0
20563786,2268,মাদারগঞ্জে সমবায় সমিতির গ্রাহকদের মানববন্ধন,84.61538462,1.0
20563787,2268,"টেকনাফে ইয়াবা উদ্ধার, গ্রেপ্তার ৪",84.61538462,1.0
20563788,2268,শতকষ্টেও পেশা বদলাননি তাজু,84.61538462,1.0
20563789,2268,শ্রীমঙ্গলে সাব-রেজিস্ট্রারের বিরুদ্ধে দুর্নীতির অভিযোগ দলিল লেখকদের কর্মবিরতি,84.61538462,1.0
20563790,2268,শ্যামনগরে বনরক্ষীদের ওপর হামলা,84.61538462,1.0
20563791,2268,ওসমানীনগরে দু’দিন ধরে মাংসের দোকান বন্ধ,84.61538462,1.0
20563792,2268,সোনাইমুড়ীতে পুলিশের বিরুদ্ধে দায়িত্ব অবহেলার অভিযোগ,84.61538462,1.0
20563761,2268,বিয়ের ৩ দিন আগে কলেজছাত্রীকে তুলে নিয়ে গেল ছাত্রলীগ নেতা,84.61538462,1.0
20563759,2268,পিএসজির ‘৩৫০তম’ জয়ে হ্যাটট্রিক হিরো এমবাপ্পের রেকর্ড,84.61538462,1.0
20563794,2268,লালমনিরহাটে ফ্রি মেডিকেল ক্যাম্প,84.61538462,1.0
20563742,2268,ইফতারে তৃষ্ণা মিটাতে জুটছে না শরবতও,84.61538462,1.0
20563728,2268,"শেয়ারবাজারে বড় দরপতন, তিন বছরের মধ্যে সর্বনিম্ন সূচক",84.61538462,1.0
20563729,2268,ত্বক দেখেই রোগ চেনার উপায়,84.61538462,1.0
20563730,2268,"মরা মাছের দুর্গন্ধকে কেন্দ্র করে চুয়াডাঙ্গা আওয়ামী লীগের দুই গ্রুপের সংঘর্ষ, আহত ৩",84.61538462,1.0
20563731,2268,সাবেক প্রতিমন্ত্রীর বিরুদ্ধে দুদকের অনুসন্ধান শুরু,84.61538462,1.0
20563732,2268,তাড়াইলে আশা’র বিনামূল্যে স্বাস্থসেবা,84.61538462,1.0
20563733,2268,‘দ্য ম্যাট্রিক্স’ টিকা বান্দরবান থেকে ম্যালেরিয়া নির্মূলে সহায়ক হবে: আবুল ফয়েজ,84.61538462,1.0
20563734,2268,গার্মেন্টস মালিককে অপহরণ করে সাড়ে ২২ লাখ টাকা লুটের মামলায় দু’জন কারাগারে,84.61538462,1.0
20563735,2268,মেয়াদোত্তীর্ণ ট্যাং তারিখ বদলে বিক্রি করতো তারা,84.61538462,1.0
20563736,2268,মেঘনায় মাছ ধরায় ১২ জেলেকে জরিমানা,84.61538462,1.0
20563737,2268,সেই ভাঙা সেতু সংস্কার করে দিলেন মাসুদ,84.61538462,1.0
20563738,2268,নবীগঞ্জে সাংবাদিক মতিউর মুন্নাকে গ্রিস দূতাবাসের সম্মাননা প্রদান,84.61538462,1.0
20563739,2268,পাবনায় চরমপন্থি দলের সাবেক সদস্যকে গুলি করে হত্যা,84.61538462,1.0
20563740,2268,সিলেটে ফুটপাথ দখল করে ব্যবসা সিসিক’র জরিমানা,84.61538462,1.0
20563741,2268,রংপুর পরিবার পরিকল্পনা অফিসের স্টোর কিপারের কারাদণ্ড,84.61538462,1.0
20563743,2268,রক্ষকই ভক্ষক,84.61538462,1.0
20563758,2268,হকি লীগে বড় জয় আবাহনীর,84.61538462,1.0
20563744,2268,তারা ইফতার খায় আর আওয়ামী লীগের গিবত করে,84.61538462,1.0
20563745,2268,মরণফাঁদ জৈন্তাপুর পিকআপ-লেগুনার সংঘর্ষে নিহত ৬,84.61538462,1.0
20563746,2268,আয়ারল্যান্ডকে বিশেষ অর্থনৈতিক অঞ্চল দেবে বাংলাদেশ,84.61538462,1.0
20563747,2268,খালেদা জিয়ার বিদেশে চিকিৎসায় সরকারের না,84.61538462,1.0
20563748,2268,আদালতকে অবহিত করে বিদেশ যেতে হবে ড. ইউনূসকে,84.61538462,1.0
20563749,2268,জান্নাতের বিশেষ দরজা দিয়ে প্রবেশ করবেন রোজাদার,84.61538462,1.0
20563750,2268,এমভি আব্দুল্লাহ উদ্ধারে অভিযানের প্রস্তুতি নিচ্ছে সোমালিয়া ও আন্তর্জাতিক নৌবাহিনী,84.61538462,1.0
20563751,2268,সোনারগাঁয়ে গণপিটুনিতে ৪ ডাকাত নিহত,84.61538462,1.0
20563752,2268,সুইডেনের রাজকন্যা ঢাকায়,84.61538462,1.0
20563753,2268,সুযোগ পেয়েই বাজিমাত তামিমের,84.61538462,1.0
20563754,2268,সাগরিকায় ‘চোট জর্জর’ একদিন হাসপাতালে ভর্তি জাকের,84.61538462,1.0
20563755,2268,বোলিংয়ে তবুও ঘাটতি যেখানে,84.61538462,1.0
20563756,2268,"শ্রীলঙ্কার বিপক্ষে টেস্ট দলে চমক নাহিদ, ফিরলেন লিটন",84.61538462,1.0
20563757,2268,হ্যানয় জিএম দাবায় ফাহাদ,84.61538462,1.0
20563793,2268,রামগতিতে মেডিকেল অফিসারের হাতে লাঞ্ছিত রোগী,84.61538462,1.0
20563764,2268,ভোলাহাটে স্কুলশিক্ষকের অনিয়ম দুর্নীতির বিরুদ্ধে মানববন্ধন,84.61538462,1.0
20563795,2268,বড় ধাক্কা,84.61538462,1.0
20567611,2268,তাহিরপুর সীমান্তে কয়লা আনতে গিয়ে দুই শ্রমিকের মৃত্যু,84.61538462,1.0
20568865,2268,সম্পদ বিবরণী জমা দেয়ার বাধ্যবাধকতা বাতিল হলে দুর্নীতি উৎসাহিত হবে: টিআইবি,84.61538462,1.0
20567616,2268,সাংবাদিককে ধর্ষণের দায়ে আর্জেন্টিনায় ৪ ফুটবলার গ্রেপ্তার,84.61538462,1.0
20567615,2268,"কথা দিয়ে কথা রাখেনি মোদি সরকার, আমরণ অনশনে লাদাখের জলবায়ু কর্মী",84.61538462,1.0
20567614,2268,চট্টগ্রাম বিশ্ববিদ্যালয়ের নতুন ভিসি অধ্যাপক আবু তাহের,84.61538462,1.0
20567613,2268,পার্কে নিয়ে কলেজছাত্রীকে ধর্ষণ,84.61538462,1.0
20567612,2268,ছিটকেই গেলেন মেসি,84.61538462,1.0
20567610,2268,"সিএএ নিয়ে মোদি সরকারের জবাব তলব সুপ্রিম কোর্টের, পরবর্তী শুনানি ৯ এপ্রিল",84.61538462,1.0
20566545,2268,বিএনএম’এ সাকিবের যোগ দেয়া নিয়ে যা বললেন ওবায়দুল কাদের,84.61538462,1.0
20567609,2268,সৌম্যের কনকাশন নিয়ে সন্দেহ শ্রীলঙ্কার,84.61538462,1.0
20566809,2268,আকস্মিক ডাউনিং স্ট্রিট সফরে বারাক ওবামা,84.61538462,1.0
20566808,2268,"বিএনএম-সাকিব বিতর্ক, মুখ খুললেন মেজর হাফিজ",84.61538462,1.0
20566807,2268,অবসর ভেঙে বাংলাদেশের বিপক্ষে ফিরছেন হাসারাঙ্গা,84.61538462,1.0
20566806,2268,প্রক্টর অফিস সিলগালা করার হুঁশিয়ারি জবি শিক্ষার্থীদের,84.61538462,1.0
20566805,2268,সরকারই সিন্ডিকেটের মূল পৃষ্ঠপোষক: বিএনপি,84.61538462,1.0
20568866,2268,ইসরাইলি হামলায় নিহত হামাসের শীর্ষ কম্যান্ডার ইসা: হোয়াইট হাউস,84.61538462,1.0
20568867,2268,প্রতিদিন মাস্তুল মেহমানখানায় ১০০০ ইফতারের আয়োজন,84.61538462,1.0
20568868,2268,ডেমোক্রেট সমর্থক ইহুদিরা ইসরাইল ও তাদের ধর্মকে ঘৃণা করে: ট্রাম্প,84.61538462,1.0
20568869,2268,নির্যাতন চালিয়ে ক্ষমতা ধরে রাখতে পারবে না সরকার: ফখরুল,84.61538462,1.0
20568870,2268,আফগানিস্তানের বিপক্ষে টি-টোয়েন্টি সিরিজও খেলবে না অস্ট্রেলিয়া,84.61538462,1.0
20568871,2268,টেস্ট সিরিজে নেই মুশফিক,84.61538462,1.0
20569415,2268,ভূতের ভয়ে আছে সরকার: গয়েশ্বর,84.61538462,1.0
20569416,2268,আড়াই মাসে ডেঙ্গুতে ২০ জনের মৃত্যু,84.61538462,1.0
20569672,2268,"পিএসজির বেঞ্চে এমবাপ্পে, সুবিধা দেখছেন ফ্রান্সের কোচ",84.61538462,1.0
20569673,2268,সরকারের পতন ঘটানোর জন্য ঐক্যের কোনো বিকল্প নাই : মজনু,84.61538462,1.0
20569674,2268,ব্যারিস্টার কাজলের মুক্তির দাবিতে বার কাউন্সিলের সামনে আইনজীবী সমাবেশ,84.61538462,1.0
20569675,2268,গুণীজনকে সঠিক মর্যাদা দিতে হবে : আইনমন্ত্রী,84.61538462,1.0
20569676,2268,জনস্বাস্থ্য এবং অর্থনৈতিক উন্নয়নে তামাকপণ্যের দাম বৃদ্ধি জরুরি,84.61538462,1.0
20569677,2268,বায়ু দূষণে ২০২৩ সালে বিশ্বে প্রথম বাংলাদেশ,84.61538462,1.0
20563796,2268,নওগাঁয় কারাগারে হাজতির মৃত্যু,84.61538462,1.0
20570045,2268,গাজীপুরে সিলিন্ডার বিস্ফোরণে দগ্ধ আরও ১ জনের মৃত্যু,84.61538462,1.0
20570046,2268,"সোনার খনিতে ধস, ৪১০ ফুট গভীরে আটকা পড়েছে ১৩ শ্রমিক",84.61538462,1.0
20566804,2268,সিলেটের জৈন্তা গেইটে এলাকাবাসীর অবরোধ,84.61538462,1.0
20570044,2268,"শিবচরে ভেজাল গুড় ও তরমুজের দোকানে অভিযান, জরিমানা",84.61538462,1.0
20566544,2268,মিথ্যা খবর না ছড়ানোর অনুরোধ সায়ন্তিকার,84.61538462,1.0
20565793,2268,ছাত্রলীগ নেতাকে কুপিয়ে হত্যা,84.61538462,1.0
20566543,2268,২৯ পণ্যের মূল্য বেঁধে দেয়া অযৌক্তিক: দোকান মালিক সমিতি,84.61538462,1.0
20563798,2268,রুয়েলের বোলিং তোপে হার মোহামেডানের,84.61538462,1.0
20563799,2268,কুলাউড়ায় বিএসএফ’র গুলিতে কিশোর নিহত,84.61538462,1.0
20563800,2268,কিশোরগঞ্জে ছিনতাই চক্রের দুই সদস্য গ্রেপ্তার,84.61538462,1.0
20563801,2268,কীর্তনখোলায় লঞ্চের পাখার কাটায় ছিন্নভিন্ন জেলে,84.61538462,1.0
20563802,2268,চলে গেলেন ১১ জন আরও ১০ জন সংকটাপন্ন,84.61538462,1.0
20563803,2268,"এক্সিমে বিলীন পদ্মা, এরপর কোনটি?",84.61538462,1.0
20563804,2268,খলিলপুর ইউপি’র সাবেক চেয়ারম্যান রাজা মিয়ার মৃত্যুতে বিএনপি’র শোক,84.61538462,1.0
20563805,2268,কুষ্টিয়ায় খুন হওয়া বিএনপি নেতাকে নৌকার সমর্থক বানানোর চেষ্টা,84.61538462,1.0
20563806,2268,চোরাচালানের মামলায় ইউপি চেয়ারম্যান কারাগারে,84.61538462,1.0
20563807,2268,ঝিনাইদহে ট্রাক ভিড়িয়ে ৪০০ মণ ধান চুরি,84.61538462,1.0
20563808,2268,রিশাদ ঝড়ে সিরিজ জয়,84.61538462,1.0
20565229,2268,‘অযোগ্যতা বড় দুর্নীতি’ এবং ভালুকার গিয়াসউদ্দিন তালুকদার,84.61538462,1.0
20565230,2268,লোকসভা নির্বাচনকে অবাধ ও সুষ্ঠু করতে কঠোর পদক্ষেপ শুরু করলো নির্বাচন কমিশন,84.61538462,1.0
20563797,2268,রোমান বললেন ক্ষমা চাওয়ার প্রশ্নই ওঠে না,84.61538462,1.0
20565794,2268,চীনে গত ৯ বছরের মধ্যে প্রথমবারের মতো বেড়েছে বিয়ের হার,84.61538462,1.0
20566222,2268,ইসরাইলকে নিঃসঙ্গ হয়ে পড়ার সতর্কতা দিলেন জো বাইডেন,84.61538462,1.0
20565795,2268,পদোন্নতি পেলেন বিএনপির তিন নেতা,84.61538462,1.0
20566541,2268,নতুন ‘অ্যাসাইনমেন্টে’র জন্য দোয়া চাইলেন মোস্তাফিজ,84.61538462,1.0
20566225,2268,"নাগরিকত্ব দেয়ার আগে পুরুষদের যৌনাঙ্গ পরীক্ষার প্রস্তাব, চরম বিতর্কের মুখে সাবেক রাজ্যপাল",84.61538462,1.0
20566224,2268,গোটা দেশেই হতে পারে ঝড়-বৃষ্টি,84.61538462,1.0
20566223,2268,সিএএ আইনের চ্যালেঞ্জ শুনানি আজ ভারতের সুপ্রিম কোর্টে,84.61538462,1.0
20566542,2268,"আফগানিস্তানে পাকিস্তানের জোড়া বিমান হামলা, নারী-শিশুসহ নিহত ৮",84.61538462,1.0
20566221,2268,হলমার্ক কেলেঙ্কারি: তানভীর ও তার স্ত্রীর যাবজ্জীবন,84.61538462,1.0
20566111,2268,আরেকটি শহর দখলে নিলো আরাকান আর্মি,84.61538462,1.0
20566110,2268,"এমভি আব্দুল্লাহ উদ্ধারে অভিযানের প্রস্তুতি সোমালি ও আন্তর্জাতিক নৌবাহিনীর, মালিকপক্ষের বিরোধিতা",84.61538462,1.0
20566109,2268,বিয়ের ৩ মাস পরই কেন আত্মহত্যার পথ বেছে নিলেন ববি শিক্ষার্থী?,84.61538462,1.0
20565796,2268,"ভোরে গাজায় ইসরাইলি বিমান হামলা, ২০ ফিলিস্তিনি নিহত",84.61538462,1.0
20566112,2268,খালিদের শেষ জানাজা ও দাফন গোপালগঞ্জে,84.61538462,1.0
20569662,2244,"

জামালপুরে অনুষ্ঠিত হলো বাংলাদেশ লইয়ার্স কাউন্সিলের নবাগত আইনজীবী সংবর্ধনা অনুষ্ঠান
",82.05128205,135.0
20569657,2244,"

রুশ কূটনীতিককে বহিষ্কার করলো মোলদোভা
",82.05128205,135.0
20569658,2244,"

স্ত্রী হত্যা মামলায় যাবজ্জীবন সাজাপ্রাপ্ত স্বামি গ্রেফতার
",82.05128205,135.0
20569659,2244,"

বোয়ালমারীতে প্রতিপক্ষের হামলায় আহত ৪, আটক ৭
",82.05128205,135.0
20569660,2244,"

জামালপুরে ছাত্রলীগ নেতার বিরুদ্ধে শিক্ষক লাঞ্ছনার অভিযোগ
",82.05128205,135.0
20569661,2244,"

ঝালকাঠিতে শিশু হত্যা : এক যুবকের ফাঁসি, এক নারীর যাবজ্জীবন কারাদণ্ড
",82.05128205,135.0
20569664,2244,"

হাতিয়ায় আসছেন সুইডেনের রাজকন্যা ভিক্টোরিয়া
",82.05128205,135.0
20569663,2244,"

ইবিতে গভীর রাতে মারামারির ঘটনায় হল থেকে বহিষ্কার ও শোকজ
",82.05128205,135.0
20569665,2244,"

গফরগাঁওয়ে পৌর এলাকায় দিনে দুপুরে তালা ভেঙে চুরি
",82.05128205,135.0
20569666,2244,"

ব্যাবসায়ীদের জন্য অ্যাপস হচ্ছে, কোনো মধ্যস্বত্বভোগী থাকবে না : বাণিজ্য প্রতিমন্ত্রী
",82.05128205,135.0
20569667,2244,"

গুজরাটে নামাজ অবস্থায় হামলার শিকার বিদেশী ছাত্ররা যা জানিয়েছেন
",82.05128205,135.0
20569656,2244,"

চট্টগ্রাম বিশ্ববিদ্যালয়ের নতুন ভিসি আবু তাহের
",82.05128205,135.0
20569669,2244,"

এবার রাজশাহীতে সর্বনিম্ন ফিতরা ৯৫ টাকা নির্ধারণ
",82.05128205,135.0
20569668,2244,"

ফালাহ-ই-আম ট্রাস্টের ইফতার মাহফিল অনুষ্ঠিত
",82.05128205,135.0
20568864,2244,"

‘গাজাবাসীকে অনাহারে রেখে হামাসকে পরাজিত করা যায় না’
",82.05128205,135.0
20569414,2244,"

গোবিন্দগঞ্জে পুলিশের পক্ষপাতিত্বের অভিযোগে সংবাদ সম্মেলন
",82.05128205,135.0
20569413,2244,"

সোনারগাঁওয়ে ৪ ডাকাত নিহতের ঘটনায় থানায় মামলা
",82.05128205,135.0
20569412,2244,"

নাঙ্গলকোটে বিজয় এক্সপ্রেস লাইনচ্যুতির ঘটনায় ৪ কিশোর গ্রেফতার
",82.05128205,135.0
20569411,2244,"

ইব্রাহিম-ওমরজাই নৈপুণ্যে আয়ারল্যান্ডের বিপক্ষে সিরিজ জিতলো আফগানিস্তান
",82.05128205,135.0
20569410,2244,"

টেস্ট সিরিজের আগে বড় ধাক্কা খেল বাংলাদেশ, খেলছেন না মুশফিক
",82.05128205,135.0
20569409,2244,"

গলাচিপায় কিশোর গ্যাংয়ের হাতে এইচএসসি পরিক্ষার্থী নিহত
",82.05128205,135.0
20568863,2244,"

কুবিতে‘বেআইনিভাবে' ডিন নিয়োগের প্রতিবাদে সিন্ডিকেট সদস্যের পদত্যাগ
",82.05128205,135.0
20568862,2244,"

গাজায় ত্রাণ প্রবেশে ইসরাইলের নিষেধাজ্ঞা যুদ্ধাপরাধের শামিল : জাতিসঙ্ঘ
",82.05128205,135.0
20568861,2244,"

সঙ্গীতশিল্পী খালিদকে বাবা-মায়ের পাশে গোপালগঞ্জে দাফন
",82.05128205,135.0
20568860,2244,"

ক্র্যাচে ভর দিয়ে আদালতে মামুনুল হক, যা বললেন তদন্ত কর্মকর্তা
",82.05128205,135.0
20568859,2244,"

ঈদে সাধারণ মানুষ নির্বিঘ্নে গন্তব্যে পৌঁছাতে পারবে : আইজিপি
",82.05128205,135.0
20568858,2244,"

জলদস্যুদের কবলে পড়া জাহাজে অভিযানের প্রস্তুতি, দুই দস্যু আটক
",82.05128205,135.0
20568857,2244,"

ভাঙ্গায় গৃহবধূর ৩ মেয়েসন্তান প্রসব, সাহায্যের আবেদন
",82.05128205,135.0
20569671,2244,"

উপকূলীয়দের জীবনমান দেখতে সুইডেনের রাজকন্যার খুলনা পরিদর্শন
",82.05128205,135.0
20568856,2244,"

ব্যারিস্টার কাজলের মুক্তির দাবিতে বার কাউন্সিলের সামনে আইনজীবী সমাবেশ
",82.05128205,135.0
20569670,2244,"

আরব আমিরাতকে বাংলাদেশে বিনিয়োগের আহ্বান পররাষ্ট্রমন্ত্রীর
",82.05128205,135.0
20570446,2244,"

হৃদরোগে আক্রান্ত হয়ে জবি শিক্ষার্থীর মৃত্যু
",82.05128205,135.0
20570432,2244,"

সেহরি ছাড়াই রোজা রাখছেন গাজাবাসী
",82.05128205,135.0
20570449,2244,"

২৯ পণ্যের মূল্য নির্ধারণের সিদ্ধান্ত প্রত্যাহারের দাবি দোকান মালিক সমিতির
",82.05128205,135.0
20568854,2244,"

কেনিয়ায় বাস দুর্ঘটনায় ১১ শিক্ষার্থী নিহত
",82.05128205,135.0
20573911,2244,"

বুয়েটের ২০২৩-২৪ শিক্ষাবর্ষের ভর্তি পরীক্ষার ফল প্রকাশ
",82.05128205,135.0
20572842,2244,"

বিদেশী পর্যটক নিয়ে ভারতের ‘গঙ্গা বিলাস’ কাউখালীতে
",82.05128205,135.0
20571250,2244,"

রমজানে ভয়াবহ দুর্ভিক্ষের মুখোমুখি গাজাবাসী
",82.05128205,135.0
20571249,2244,"

সাইবার বিশেষজ্ঞ রাইডার্স ফাউন্ডেশনের আবদুল রহমান অসুস্থ হয়ে হাসপাতালে ভর্তি, দোয়া কামনা
",82.05128205,135.0
20571248,2244,"

তীব্র পানি-গ্যাস সঙ্কটে রাজধানীর বাসিন্দারা
",82.05128205,135.0
20571247,2244,"

লেবাননের বিরুদ্ধে যুদ্ধের আহ্বান ইসরাইলের
",82.05128205,135.0
20570455,2244,"

সুইডেনের ক্রাউন প্রিন্সেস শুনলেন বাস্তুচ্যুতদের লড়াইয়ের কথা
",82.05128205,135.0
20570454,2244,"

গাজীপুরে সিলিন্ডার বিস্ফোরণ : মৃত বেড়ে ১২
",82.05128205,135.0
20570453,2244,"

‘কিংস পার্টি’তে সাকিবের ‘যোগদান’ নিয়ে যে নতুন দাবি
",82.05128205,135.0
20570452,2244,"

গুণীজনকে সঠিক মর্যাদা দিতে হবে : আইনমন্ত্রী
",82.05128205,135.0
20570451,2244,"

কৌশলে বড় শাস্তি থেকে বাঁচলেন হাসারাঙ্গা, খেলা হচ্ছে না টেস্ট
",82.05128205,135.0
20570450,2244,"

সাধারণ মানুষের নিরাপদ ঈদযাত্রা নিশ্চিতের চেষ্টা করছে পুলিশ : আইজিপি
",82.05128205,135.0
20570448,2244,"

বুয়েটের ২০২৪-২৪ শিক্ষাবর্ষের ভর্তি পরীক্ষার ফল প্রকাশ
",82.05128205,135.0
20570433,2244,"

নাগরপুরে পূর্ব শত্রুতার জেরে ছাত্রলীগের সাংগঠনিক সম্পাদক ঝলককে হত্যা
",82.05128205,135.0
20570447,2244,"

সাড়ে চার বছরে গণপিটুনিতে নিহত ২২৫
",82.05128205,135.0
20570445,2244,"

নোয়াখালীতে ব্যবসা প্রতিষ্ঠানে সন্ত্রাসী হামলা, মালামাল লুটের অভিযোগ
",82.05128205,135.0
20570444,2244,"

সৌদিতে সড়ক দুর্ঘটনায় ঈদগাঁওয়ের যুবক নিহত
",82.05128205,135.0
20570443,2244,"

সিলেটে নিরাপদ সড়কের দাবিতে অবরোধ কর্মসূচি পালন
",82.05128205,135.0
20570442,2244,"

রাবি প্রেসক্লাবের আয়োজনে ইফতার মাহফিল অনুষ্ঠিত
",82.05128205,135.0
20570441,2244,"

কুমিল্লায় ট্রেন দুর্ঘটনা : ২ দিনেও সচল হয়নি আপলাইন
",82.05128205,135.0
20570440,2244,"

‘বিজাতীয় আধিপত্যবাদকে পরাজিত করা গেলে দুঃশাসন থেকে মুক্তি মিলবে’
",82.05128205,135.0
20570439,2244,"

নোয়াখালীতে বিএনপির ১৮ নেতাকর্মীকে জেল হাজতে প্রেরণ
",82.05128205,135.0
20570438,2244,"

অবৈধ সরকারের পতন ঘটানোর জন্য ঐক্যের কোনো বিকল্প নাই : মজনু
",82.05128205,135.0
20570437,2244,"

বিএনপি জনগণের নয়, বিদেশীদের সহযোগিতা চায় : পররাষ্ট্রমন্ত্রী
",82.05128205,135.0
20570436,2244,"

গাজীপুরে কিশোর গ্যাং গ্রুপের দলনেতাসহ সাত সদস্য গ্রেফতার
",82.05128205,135.0
20570435,2244,"

কারাগারে বিএনপি নেতা আজিজুল বারী হেলাল
",82.05128205,135.0
20570434,2244,"

তীব্র পানি-গ্যাস সঙ্কটে রাজধানীর কয়েকটি এলাকার বাসিন্দারা
",82.05128205,135.0
20568855,2244,"

টাঙ্গাইলে প্রেমের ফাঁদে ফেলে ধর্ষণ, ২ জনের যাবজ্জীবন
",82.05128205,135.0
20563601,2244,"

নারীর নেতৃত্বে সৌদি আরবের স্টার্টআপগুলো
",82.05128205,135.0
20563602,2244,"
তদন্তে তথ্য আহ্বান 
অবন্তিকার মৃত্যুর বিচার দাবিতে জবিতে অবস্থান কর্মসূচি
",82.05128205,135.0
20563674,2244,"

নামীদামি  ব্র্যান্ডের নকল ফোন অর্ধেক দামে বিক্রি করে তারা চক্রের ৩ জন গ্রেফতার
",82.05128205,135.0
20563672,2244,"

পাঁচ দফা দাবিতে জাতীয় প্রেস ক্লাবে বিড়ি শ্রমিকদের মানববন্ধন
",82.05128205,135.0
20563671,2244,"
ইবিতে অভিযোগ সমাধানে দীর্ঘসূত্রতা 
বিচার শেষের আগেই ছাত্রত্ব শেষ অভিযুক্তদের
",82.05128205,135.0
20563670,2244,"

 প্রতিবাদ উপেক্ষা করে ইবিতে অ্যাকাডেমিক এলাকায় মঞ্চের কাজ শুরু
",82.05128205,135.0
20563669,2244,"

  প্রাথমিকে শিক্ষক নিয়োগে তৃতীয়  ধাপের পরীক্ষা ২৯ মার্চ
",82.05128205,135.0
20563668,2244,"
অঙ্কুরের ‘রামাদান সেশন’ সম্পন্ন 
ইসলামের অনুপম সৌন্দর্য ছড়িয়ে দিতে হবে : ডা: আব্দুল্লাহ খান
",82.05128205,135.0
20563667,2244,"

মামুনুল হকের মুক্তি দাবি ১০ ছাত্র সংগঠনের
",82.05128205,135.0
20563666,2244,"

ভাষাসৈনিক কাজী গোলাম মাহবুবের মৃত্যুবার্ষিকী আজ
",82.05128205,135.0
20563665,2244,"

চট্টগ্রাম নগরজুড়ে মশার দাপটে নাগরিকরা অসহায়
ওষুধের কার্যকারিতা নিয়ে প্রশ্ন
",82.05128205,135.0
20563664,2244,"

বঙ্গবন্ধুর জন্মবার্ষিকীতে নানা অনুষ্ঠান
",82.05128205,135.0
20563663,2244,"

ভুরুঙ্গামারীর ভূমিহীন বিধবার ভাগ্যে জোটেনি আশ্রয়ণ প্রকল্পের ঘর
",82.05128205,135.0
20563662,2244,"

  পাবনায় চরমপন্থী দলের সাবেক সদস্যকে গুলি করে হত্যা 
",82.05128205,135.0
20563661,2244,"

 চট্টগ্রাম মহানগরী ও বাঁশখালীতে ইফতারসামগ্রী বিতরণ
",82.05128205,135.0
20563660,2244,"

বরিশালে অতিরিক্ত দামে পণ্য বিক্রি করায় ৫ ব্যবসায়ীর অর্থদণ্ড
",82.05128205,135.0
20563659,2244,"

বঙ্গবন্ধুর সোনার বাংলা গড়তে দুর্নীতিমুক্ত থাকতে হবে : মেয়র মোস্তফা
",82.05128205,135.0
20563658,2244,"

মাধবদীতে সিজারের সময় মাসহ নবজাতকের মৃত্যু
",82.05128205,135.0
20563657,2244,"

রাজাপুরে ট্রান্সফর্মার চুরির হিড়িক
",82.05128205,135.0
20563656,2244,"

একই স্থানে দুর্ঘটনায় ৪ মাসে ৫০ জন হতাহত
ঢাকা-চট্টগ্রাম মহাসড়ক
",82.05128205,135.0
20563655,2244,"

কাপ্তাই  হ্রদে জেগে ওঠা চরে ফসলের সমারোহ
",82.05128205,135.0
20563654,2244,"

কিশোরগঞ্জের গুরুদয়াল সরকারি কলেজে গণ-ইফতার
",82.05128205,135.0
20563653,2244,"

হাসপাতাল নয় যেন গাঁজার বাগান
",82.05128205,135.0
20563652,2244,"
লক্ষ্মীপাশা বালিকা উচ্চবিদ্যালয় 
ম্যানেজিং কমিটির সভাপতি হলেন রোজিয়া সুলতানা চামেলী
",82.05128205,135.0
20563673,2244,"

 সাভারে ২ স্কুলশিক্ষার্থীকে কুপিয়েছে কিশোর গ্যাং সদস্যরা
",82.05128205,135.0
20563675,2244,"

 ড. আশরাফ সিদ্দিকীর মৃত্যুবার্ষিকী আজ
",82.05128205,135.0
20563699,2244,"

 বঙ্গবন্ধুর নাম মুছে ফেলার সাধ্য কারো নেই : ওবায়দুল কাদের
",82.05128205,135.0
20563676,2244,"
বেকারত্ব দূরীকরণ ও কর্মসংস্থান সৃষ্টি 
ঢাকা মহানগরী দক্ষিণ জামায়াতের সেলাই মেশিন উপহার
",82.05128205,135.0
20563697,2244,"
হেলথ টিপস 
যে ৩ অভ্যাস ডায়াবেটিস বাড়িয়ে দেয়
",82.05128205,135.0
20563696,2244,"
রাজপথে মৃত্যুর হানা 
মোটরসাইকেল দুর্ঘটনায় ৫ জনসহ নিহত ৭ 
সিলেটে পিকআপ-লেগুনার সংঘর্ষে আরো ৬ জন নিহত
",82.05128205,135.0
20563695,2244,"

 মরা মাছের দুর্গন্ধ নিয়ে চুয়াডাঙ্গা আওয়ামী লীগের ২ গ্রুপের সংঘর্ষ
",82.05128205,135.0
20563694,2244,"

 ১০ টাকা সহায়তা নিয়ে বাঁচার আশা রুয়েট ছাত্র মেহেদী হাসানের
",82.05128205,135.0
20563693,2244,"

নদীতে গোসল করতে নেমে একই দিনে প্রাণ গেল দুই  ভাইসহ এক কিশোরের
",82.05128205,135.0
20563692,2244,"

সিন্ডিকেটকে কোলে বসিয়ে বিরোধী দলের ওপর দায় চাপাচ্ছে সরকার : গণতন্ত্র মঞ্চ
",82.05128205,135.0
20563691,2244,"
চরে গিয়ে প্রতিবাদী অবস্থান ধর্মঘট 
কর্ণফুলী নদীর মাঝখানে বর্জ্য শোধনাগার স্থাপনের উদ্যোগ চসিকের!
",82.05128205,135.0
20563690,2244,"

রাশিয়া-ন্যাটো সঙ্ঘাত থেকে এক পা দূরেই তৃতীয় বিশ্বযুদ্ধ : পুতিন
",82.05128205,135.0
20563689,2244,"

দেশে বছরে সাড়ে ৮ হাজার মানুষ মুখগহ্বরের ক্যান্সারে মারা যায়
আগামীকাল মুখগহ্বর ক্যান্সার দিবস
",82.05128205,135.0
20563688,2244,"

সাংবাদিকদের পূর্ণ স্বাধীনতা নিশ্চিত করা হবে : তথ্য প্রতিমন্ত্রী
",82.05128205,135.0
20563687,2244,"

   ঈদের পর কাওরানবাজারের ঝুঁকিপূর্ণ ভবন ভেঙে ফেলা হবে : মেয়র আতিক
",82.05128205,135.0
20563686,2244,"

কুয়ালালামপুর হাইকমিশন থেকে আর ট্র্যাভেল পারমিট দেয়া হবে না
",82.05128205,135.0
20563685,2244,"

ভলভো বাসে গরু!
",82.05128205,135.0
20563684,2244,"

মহাকাশে রেস্তোরাঁ
",82.05128205,135.0
20563683,2244,"

প্রতিভার আরেক নাম রিশাদ
",82.05128205,135.0
20563682,2244,"

টেস্টে ১৪৫ কিমি. গতির নাহিদ রানা
",82.05128205,135.0
20563681,2244,"

এমবাপ্পের হ্যাটট্রিক, জিতে দুইয়ে বার্সেলোনা
",82.05128205,135.0
20563680,2244,"

ইনজুরির হামলায় টালমাটাল তৃতীয় ওয়ানডে
",82.05128205,135.0
20563679,2244,"

রাজীবকে ঘিরে অলিম্পিকের স্বপ্ন
",82.05128205,135.0
20563678,2244,"

নাটকীয় জয় গাজী গ্রুপ-রূপগঞ্জ লিজেন্ডসের
",82.05128205,135.0
20563677,2244,"
কক্সবাজার ফাঁকা 
কর্মচারীদের অগ্রিম বেতন-বোনাস দিয়ে বাধ্যতামূলক ছুটি
",82.05128205,135.0
20563651,2244,"

পঞ্চগড়ে ২৭ কেজি গাঁজাসহ স্বামী-স্ত্রী গ্রেফতার
",82.05128205,135.0
20563650,2244,"

বঙ্গবন্ধুর জন্মদিনে শিশুদের মধ্যে বই ও ইফতার বিতরণ এনআরবিসি ব্যাংকের
",82.05128205,135.0
20563649,2244,"

বঙ্গবন্ধুর জন্মদিন উপলক্ষে অগ্রণী ব্যাংকে দোয়া মাহফিল
",82.05128205,135.0
20563648,2244,"

বঙ্গবন্ধুর জন্মদিনে মাইলস্টোন কলেজে বিনামূল্যে চিকিৎসাসেবা 
",82.05128205,135.0
20563623,2244,"

হাইতি থেকে নাগরিকদের সরিয়ে নিচ্ছে যুক্তরাষ্ট্র
",82.05128205,135.0
20563622,2244,"

যুক্তরাষ্ট্রে করোনার পর বিয়ের হার বেড়েছে কমেছে বিচ্ছেদ
",82.05128205,135.0
20563621,2244,"
খাদ্যনিরাপত্তা ঝুঁকিতে দেশ 
ক্ষুধা নিবৃত্তির উন্নয়ন চাই
",82.05128205,135.0
20563620,2244,"
দেশে কোটিপতির সংখ্যা বাড়ছে  
সংখ্যাগরিষ্ঠরা শোষিত বঞ্চিত 
",82.05128205,135.0
20563619,2244,"

ঈদে মুক্তি পেতে পারে যেসব চলচ্চিত্র
",82.05128205,135.0
20563618,2244,"

বেইলি রোডের অগ্নিকাণ্ড নিয়ে নাটক
",82.05128205,135.0
20563617,2244,"

রেহান রাসূলে মুগ্ধতা বাড়ছে শ্রোতাদের
",82.05128205,135.0
20563616,2244,"

এবার নিশ্চিত, বললেন মন্দিরা চক্রবর্তী
",82.05128205,135.0
20563615,2244,"

 গাজার আল-শিফা হাসপাতালে রাতভর ইসরাইলি হামলা
",82.05128205,135.0
20563614,2244,"
সিয়াম সাধনার মাস 
সাহরি বরকতপূর্ণ আহার
",82.05128205,135.0
20563613,2244,"

 আওয়ামী লীগ সরকারকে উৎখাত করা অসম্ভব : প্রধানমন্ত্রী
",82.05128205,135.0
20563612,2244,"

কণ্ঠশিল্পী খালিদ আর নেই
",82.05128205,135.0
20563611,2244,"

 ফেনী কলেজে সাধারণ ছাত্রদের ইফতার পণ্ড করল ছাত্রলীগ
",82.05128205,135.0
20563610,2244,"
মালিক সমিতির অভিযোগ 
রেস্তোরাঁ মালিকদের হুমকি দিয়ে চাঁদা নেয়া হচ্ছে
",82.05128205,135.0
20563609,2244,"

 ‘এমভি আবদুল্লাহ’ ছিনতাইয়ের ঘটনায় শিপার্স কাউন্সিলের চেয়ারম্যানের উদ্বেগ
",82.05128205,135.0
20563608,2244,"

পরিচয় গোপন করতে হত্যার পর পেট্রল ঢেলে মুখে আগুন
",82.05128205,135.0
20563607,2244,"

 বরগুনায় ১০ টাকায় রোজার বাজার
",82.05128205,135.0
20563606,2244,"
জাতিসঙ্ঘের আশঙ্কা 
উত্তর গাজায় অনাহারে  গণমৃত্যু আসন্ন
",82.05128205,135.0
20563605,2244,"

ঈদ ঘিরে সরগরম শপিংমল ফুটপাথ
",82.05128205,135.0
20563604,2244,"

দেশে-বিদেশে সবাই বলছে ৭ জানুয়ারির নির্বাচন গ্রহণযোগ্য হয়নি : ড. মঈন খান
",82.05128205,135.0
20563603,2244,"

নারায়ণগঞ্জে শেখ রাসেল পার্কে পাখির নিরাপদ অভয়াশ্রম তৈরি করেছে নাসিক 
পাখির জন্য বাসা বুনছে মানুষ
",82.05128205,135.0
20563624,2244,"

নাভালনির মৃত্যু দুঃখজনক ঘটনা : পুতিন
",82.05128205,135.0
20563625,2244,"

  আফগানিস্তানে পাকিস্তানের জোড়া বিমান হামলায় নিহত আট
",82.05128205,135.0
20563626,2244,"

মোদিকে অন্তঃসারশূন্য বলে আখ্যা দিলেন রাহুল
",82.05128205,135.0
20563638,2244,"

 আল কুরআনের বাণী
",82.05128205,135.0
20563647,2244,"

বেহাল পুঁজিবাজার : উপর্যুপরি পতনে নিঃস্ব বিনিয়োগকারীরা
",82.05128205,135.0
20563646,2244,"

বিআইইউতে বঙ্গবন্ধুর জন্মদিন ও জাতীয় শিশু দিবস উদযাপিত
",82.05128205,135.0
20563645,2244,"

ওয়ালটন ফ্রিজ কিনে ৩২তম মিলিয়নিয়ার হলেন ভ্যানচালক হুমায়ুন 
",82.05128205,135.0
20563644,2244,"

বঙ্গবন্ধুর জন্মবার্ষিকী উপলক্ষে ইসলামী ব্যাংকের আলোচনা সভা
",82.05128205,135.0
20563643,2244,"

বাংলাদেশে চার শক্তির প্রক্সিযুদ্ধ
",82.05128205,135.0
20563642,2244,"
স্মরণ 
ভাষাসৈনিক কাজী গোলাম মাহবুব
",82.05128205,135.0
20563641,2244,"

আবারো আগুন!
",82.05128205,135.0
20563640,2244,"
 স্মরণ 
রাজনৈতিক ও ধর্মীয় নেতা হাফেজ্জী হুজুর 
",82.05128205,135.0
20563639,2244,"

মুসলিম বিশ্বের রাজনৈতিক ও কূটনৈতিক বিপর্যয় 
",82.05128205,135.0
20563637,2244,"

হাদিসের কথা
",82.05128205,135.0
20563627,2244,"

স্কুলশিক্ষার্থীদের যুদ্ধ ও দুর্যোগকালে করণীয় শেখানো উচিত : জার্মান শিক্ষামন্ত্রী
",82.05128205,135.0
20563636,2244,"

প্রশ্নোত্তর
",82.05128205,135.0
20563635,2244,"

আল্লাহর নৈকট্য অর্জনের সহজ উপায়
",82.05128205,135.0
20563634,2244,"

ইফতারে খেজুর
",82.05128205,135.0
20563633,2244,"

 রেকর্ড ব্যবধানে পুতিনের  বিজয়
",82.05128205,135.0
20563632,2244,"

  পশ্চিম আফ্রিকা থেকে বিদায় নিচ্ছে যুক্তরাষ্ট্র!
",82.05128205,135.0
20563631,2244,"

গাজা-জেরুসালেম  নিয়ে জর্দান ও মার্কিন পররাষ্ট্রমন্ত্রীর ফোনালাপ 
",82.05128205,135.0
20563630,2244,"

ভারতের রাজনৈতিক দলগুলোর শীর্ষ চাঁদাদাতা ‘লটারি কিং’
",82.05128205,135.0
20563629,2244,"

 গোলান মালভূমিতে ইসরাইলের সামরিক ঘাঁটিতে হামলা
",82.05128205,135.0
20563628,2244,"

ব্লিনকেনের সিউল সফরের মধ্যেই উত্তর কোরিয়ার ক্ষেপণাস্ত্র  নিক্ষেপ
",82.05128205,135.0
20563698,2244,"

ট্রান্সজেন্ডারিজম সমকামিতার নতুন ভার্সন : ড. মিজান আজহারি
",82.05128205,135.0
20563700,2244,"

খালেদা জিয়ার মুক্তির আবেদন নিয়ে সিদ্ধান্ত আজ
",82.05128205,135.0
20568852,2244,"

জুলুম-নির্যাতন চালিয়ে সরকার ক্ষমতা ধরে রাখতে পারবে না : মির্জা ফখরুল
",82.05128205,135.0
20567588,2244,"
অবন্তিকার আত্মহত্যা 
জবিতে বাংলাদেশ মহিলা পরিষদের প্রতিবাদ সমাবেশ
",82.05128205,135.0
20567586,2244,"

স্বর্ণের দাম রেকর্ড পরিমাণ বাড়ার পর এবার কমলো
",82.05128205,135.0
20567585,2244,"

পাবনায় এক রাতে কবরস্থান থেকে ১৫টি কঙ্কাল উধাও!
",82.05128205,135.0
20567584,2244,"

ভোলায় হঠাৎ অসুস্থ ২৯ শিক্ষার্থী হাসপাতালে ভর্তি
",82.05128205,135.0
20566802,2244,"

ফিলিপাইন ও জাপানের নেতাদের সাথে বৈঠকে বসছেন বাইডেন
",82.05128205,135.0
20566801,2244,"

ইফতার পার্টির নামে সরকারের অন্ধ সমালোচনা করছে বিএনপি : ওবায়দুল কাদের
",82.05128205,135.0
20566800,2244,"

ভাড়া বেশি নিলে সেই বাস বন্ধের হুঁশিয়ারি মালিক সমিতির
",82.05128205,135.0
20566799,2244,"

মেসি না খেলায় হংকংয়ের সমর্থকরা টিকেটের অর্ধেক অর্থ ফেরত পাবে
",82.05128205,135.0
20566798,2244,"

গাজায় ‘শতভাগ’ মানুষ ‘তীব্র খাদ্য সঙ্কটে’ : মার্কিন পররাষ্ট্রমন্ত্রী
",82.05128205,135.0
20566797,2244,"

ঢাকায় কিশোর গ্যাংয়ের বিরুদ্ধে অভিযানে মূলহোতাসহ ৩৫ জন গ্রেফতার
",82.05128205,135.0
20566796,2244,"

যুক্তরাষ্ট্রে প্রীতি ম্যাচে খেলা হচ্ছে না মেসির
",82.05128205,135.0
20566795,2244,"

মে মাসে মেলবোর্নে নিউক্যাসলের মুখোমুখি হবে টটেনহ্যাম
",82.05128205,135.0
20566794,2244,"

নোয়াখালীতে ডাকাতির প্রস্তুতির সময় গ্রেফতার ৩
",82.05128205,135.0
20566793,2244,"

অবন্তিকার অভিযোগ কে কে অবহেলা করেছে, তদন্ত করা হবে : জবি ভিসি
",82.05128205,135.0
20566792,2244,"

গাজায় যুদ্ধবিরতি নিয়ে আলোচনা করতে সৌদি ও মিসর যাবেন ব্লিঙ্কেন
",82.05128205,135.0
20566791,2244,"

সম্পদ বিবরণী জমা দেয়ার বাধ্যবাধকতা বাতিল হলে দুর্নীতি উৎসাহিত হবে : টিআইবি
",82.05128205,135.0
20566540,2244,"

সালাম মুর্শেদীকে গুলশানের বাড়ি ছাড়তে হাইকোর্টের নির্দেশ
",82.05128205,135.0
20566539,2244,"

নাভালনির মৃত্যু : ৩০ রুশ কর্মকর্তার বিরুদ্ধে নিষেধাজ্ঞা ইইউর
",82.05128205,135.0
20566538,2244,"

গাজায় যুদ্ধবিরতি নিয়ে আলোচনার জন্যে মিসর ও সৌদি আরব যাচ্ছেন ব্লিঙ্কেন
",82.05128205,135.0
20566537,2244,"

জীবাশ্ম জ্বালানির তহবিল বন্ধ করল কেমব্রিজ বিশ্ববিদ্যালয়
",82.05128205,135.0
20566536,2244,"

আমাকে অ্যাপ্রোচ করেছিল, আমি গ্রহণ করিনি : মেজর অব. হাফিজ
",82.05128205,135.0
20566535,2244,"

জাতিসঙ্ঘ সংস্থার প্রধানকে গাজায় প্রবেশে বাধা ইসরাইলের
",82.05128205,135.0
20567587,2244,"

গণ-ইফতার কর্মসূচিতে ছাত্রলীগের হামলার নিন্দা ছাত্রশিবিরের
",82.05128205,135.0
20567589,2244,"

ফ্রান্সের হয়ে রেকর্ড ম্যাচ খেলা হলো না গ্রিজম্যানের
",82.05128205,135.0
20563701,2244,"

ভারত থেকে  ৭৭ কোটি টাকার মসুর ডাল আমদানি করা হচ্ছে
",82.05128205,135.0
20567590,2244,"

উন্মুক্ত করা হলো মদিনার ঐতিহাসিক আল ফকির কূপ
",82.05128205,135.0
20568851,2244,"

রাণীনগরে টমটম গাড়ির ধাক্কায় নিহত ১
",82.05128205,135.0
20568850,2244,"

স্লিপিং ট্যাবলেট খে‌লেও সরকা‌রের ঘুম আসে না : গয়েশ্বর
",82.05128205,135.0
20568849,2244,"

জনসাধারণের পারাপারে গোলাম পরওয়ারের খেয়া নৌকা উপহার
",82.05128205,135.0
20567608,2244,"

সেহেরির মাইকিং করায় ৫ যুবক পুলিশি হেনস্তার শিকার
",82.05128205,135.0
20567607,2244,"

অবন্তিকার আত্মহত্যা : রিমান্ড শেষে কারাগারে প্রক্টর দ্বীন ইসলাম
",82.05128205,135.0
20567606,2244,"

ভিনিসিয়াসের বিপক্ষে বর্ণবাদী অপমানে রেফারির অবহেলা ছিল : রিয়াল মাদ্রিদ
",82.05128205,135.0
20567605,2244,"

মিরসরাইয়ে ১০ মামলার আসামি লিটন গ্রেফতার
",82.05128205,135.0
20567604,2244,"

সিন্ডিকেটের মূল পৃষ্ঠপোষক সরকার : বিএনপি
",82.05128205,135.0
20567603,2244,"

করোনায় ১ জনের মৃত্যু, আক্রান্ত ৩১
",82.05128205,135.0
20567602,2244,"

‘অসহায় ও দরিদ্র মানুষের পাশে দাঁড়ানো প্রত্যেকের ঈমানী দায়িত্ব’
",82.05128205,135.0
20567601,2244,"

নারায়ণগঞ্জের বাজারগুলোতে হঠাৎ পেঁয়াজের দাম অর্ধেকে নামল
",82.05128205,135.0
20567600,2244,"

‘নবীর শিক্ষা জালিম সরকারের বিরুদ্ধে সত্য কথা বলাই সর্বোত্তম জিহাদ’
",82.05128205,135.0
20567599,2244,"

আফগানিস্তানের বিপক্ষে টি-টোয়েন্টি সিরিজ স্থগিত অস্ট্রেলিয়ার
",82.05128205,135.0
20567598,2244,"

মিয়ানমারের মর্টারের গোলার শব্দে কেঁপে ওঠল বাংলাদেশ সীমান্ত
",82.05128205,135.0
20567597,2244,"

ডেঙ্গু মোকাবেলায় সারাদেশে সব হাসপাতাল প্রস্তুত রাখার নির্দেশ
",82.05128205,135.0
20567596,2244,"

চৌগাছায় এক দিনেই ২ নারীর আত্মহত্যা, ব্যর্থ ৪ 
",82.05128205,135.0
20567595,2244,"

আল শিফা হাসপাতাল এলাকায় তাণ্ডব চালাচ্ছে দখলদার বাহিনী
",82.05128205,135.0
20567594,2244,"

ইফতারে কোন দেশে কী খাওয়া হয়
",82.05128205,135.0
20567593,2244,"

ফরিদপুরে বিনষ্ট করা হলো সেই গাঁজার বাগান
",82.05128205,135.0
20567592,2244,"

হার্ভার্ডের অধ্যাপক হেনরি লারসনের ইসলাম গ্রহণ 
",82.05128205,135.0
20567591,2244,"
অবন্তিকার আত্মহত্যা 
জবি প্রশাসনকে লালকার্ড দেখাল শিক্ষার্থীরা
",82.05128205,135.0
20566534,2244,"

মিয়ানমারে বেসামরিক নাগরিক নিহত হওয়ার খবরে ‘শঙ্কিত’ জাতিসঙ্ঘ প্রধান
",82.05128205,135.0
20566533,2244,"

হলমার্ক কেলেঙ্কারি : তানভীর-জেসমিনসহ ৯ জনের যাবজ্জীবন
",82.05128205,135.0
20566532,2244,"

নাভালনির মৃত্যু : ৩০ রুশ কর্মকর্তার বিরুদ্ধে নিষেধাজ্ঞা ইইউ’র
",82.05128205,135.0
20566219,2244,"

ফ্রান্সে কমিউনিটি মসজিদের ইফতার মাহফিল
",82.05128205,135.0
20563722,2244,"

ইবিতে বঙ্গবন্ধুর জন্মবার্ষিকীতে ১০৪টি বৃক্ষরোপণ
",82.05128205,135.0
20563721,2244,"
বাঙ্গিক্ষেতে পোকার আক্রমণ 
বরগুনার মৌসুমি ফল চাষিরা লোকসানের শঙ্কায়
",82.05128205,135.0
20563720,2244,"

 তাহিরপুরে আগুনে পুড়ল ৮টি দোকান
",82.05128205,135.0
20563719,2244,"

 কালিহাতী রিপোর্টার্স ইউনিটির সভাপতি মতিন সম্পাদক হেলাল
",82.05128205,135.0
20563718,2244,"

ক্ষমতাসীনরা ভালো নেই বলেই আবোল-তাবোল কথা বলে : গয়েশ্বর
",82.05128205,135.0
20563717,2244,"

চুপ থাকল না আবাহনীও
",82.05128205,135.0
20563716,2244,"
সাবেক সম্পাদক কাজলের জামিন নাকচ 
যুথিসহ ৪ আইনজীবীর জামিন শুনানিতে বিব্রত হাইকোর্ট
",82.05128205,135.0
20563715,2244,"

চীনা পররাষ্ট্রমন্ত্রী কেন যাচ্ছেন অস্ট্রেলিয়া?
",82.05128205,135.0
20563714,2244,"

বাংলাদেশে চার শক্তির প্রক্সিযুদ্ধ
",82.05128205,135.0
20563713,2244,"

আবারো আগুন!
",82.05128205,135.0
20563712,2244,"

দাঁতের যত্ন না নিলে হতে পারে হৃদরোগও!
",82.05128205,135.0
20563711,2244,"

মার্কিন প্রতিনিধি পরিষদে তিব্বত নিয়ে নতুন প্রস্তাব
",82.05128205,135.0
20563710,2244,"

মুসলিম বিশ্বের রাজনৈতিক ও কূটনৈতিক বিপর্যয়
",82.05128205,135.0
20563709,2244,"
স্মরণ 
রাজনৈতিক ও ধর্মীয় নেতা হাফেজ্জী হুজুর
",82.05128205,135.0
20563708,2244,"

আফ্রিকায় চীনা শ্রমিকের সংখ্যা এখন সর্বনিম্ন পর্যায়ে
",82.05128205,135.0
20563707,2244,"

মুলতানকে আক্ষেপে পুড়িয়ে পিএসএলের রেকর্ড চ্যাম্পিয়ন ইসলামাবাদ
",82.05128205,135.0
20563706,2244,"

যুক্তরাজ্য থেকে ইসরাইলে ইহুদি অভিবাসন বেড়েছে ৪০ ভাগ
",82.05128205,135.0
20563705,2244,"

রিশাদ ঝড়ে উড়ে গেল শ্রীলঙ্কা
টাইগারদের সিরিজ জয়
",82.05128205,135.0
20563704,2244,"

৪ দিনের সফরে ঢাকায় সুইডেনের রাজকুমারী
",82.05128205,135.0
20563703,2244,"
অগ্নিঝরা মার্চ 
জয়দেবপুরে প্রতিরোধ যুদ্ধ শুরু
",82.05128205,135.0
20563702,2244,"

পদ্মার নাব্যতা রক্ষার চেষ্টা ব্যর্থ অবশেষে এক্সিমে বিলীন
",82.05128205,135.0
20563723,2244,"

ইতালিতে টিকটককে ১১ মিলিয়ন ডলার জরিমানা
",82.05128205,135.0
20563724,2244,"

মিসরের সাথে কৌশলগত সম্পর্ক জোরদারের পথে ইইউ
",82.05128205,135.0
20563725,2244,"
দ্রুত সময়ে আপিল নিষ্পত্তির নির্দেশ 
ড. ইউনূসের সাজার রায় স্থগিতের আদেশ বাতিল
",82.05128205,135.0
20566095,2244,"

৫ ঘণ্টা পর ঢাকার সাথে উত্তরবঙ্গের রেল যোগাযোগ স্বাভাবিক
",82.05128205,135.0
20566218,2244,"

ডিএমপির অভিযানে গ্রেফতার ২৩
",82.05128205,135.0
20566217,2244,"

হলমার্ক কেলেঙ্কারি : তানভীর-জেসমিনের যাবজ্জীবন
",82.05128205,135.0
20566216,2244,"

লক্ষ্মীপুরে উপড়ে ফেলা হয়েছে যুবলীগ নেতার চোখ
",82.05128205,135.0
20566215,2244,"

ঝড়-বৃষ্টির আভাস, কমবে তাপমাত্রা
",82.05128205,135.0
20566100,2244,"

গাজীপুরে সিলিন্ডার বিস্ফোরণ : বোনের পর ভাইয়ের মৃত্যু
",82.05128205,135.0
20566099,2244,"

ঢাকার বাতাসের মান ‘অস্বাস্থ্যকর’, বিশ্ব তালিকায় তৃতীয়
",82.05128205,135.0
20566098,2244,"

নাগরপুরে ছাত্রলীগ নেতাকে কুপিয়ে হত্যা
",82.05128205,135.0
20566097,2244,"

পাপুয়া নিউ গিনিতে বন্যায় ২৩ জনের মৃত্যু
",82.05128205,135.0
20566096,2244,"

উপকূলীয়দের জীবনমান দেখতে খুলনায় সুইডেনের রাজকন্যা
",82.05128205,135.0
20566094,2244,"

উত্তর গাজায় দুর্ভিক্ষ আসন্ন, সঙ্কট নজিরবিহীন : জাতিসঙ্ঘ
",82.05128205,135.0
20564977,2244,"

বিপণন কর্মকর্তাদের নিয়ে হামদর্দের জুম মিটিং
",82.05128205,135.0
20566093,2244,"

পি কে হালদারের ১৩ সহযোগীর সাজা বাড়াতে দুদকের আবেদন
",82.05128205,135.0
20565790,2244,"
হলমার্ক কেলেঙ্কারি  
তানভীর-জেসমিনসহ ১৮ জনের মামলার রায় আজ
",82.05128205,135.0
20565789,2244,"

জামালপুরে তুলা চাষে বাম্পার ফলনে খুশি চাষিরা
",82.05128205,135.0
20565788,2244,"

বিএনপিতে ৩ নেতার পদোন্নতি
",82.05128205,135.0
20565787,2244,"

মশা মারার বাজেট বাড়ে, মশাও বাড়ে
",82.05128205,135.0
20565786,2244,"

রাফায় হামলা নিয়ে বাইডেন-নেতানিয়াহু ফোনালাপ
",82.05128205,135.0
20565785,2244,"

আসামের এনআরসিতে কাটা গেছে ৫ লাখ বাঙালি হিন্দু!
",82.05128205,135.0
20565784,2244,"

আর্জেন্টিনায় ধর্ষণের অভিযোগে ৪ ফুটবলার আটক
",82.05128205,135.0
20565128,2244,"

মিয়ানমারে গৃহযুদ্ধ : বাংলাদেশ সীমান্ত থেকে সরেছে সংঘাত!
",82.05128205,135.0
20568853,2244,"

খুলনার ইঁদুর মারার বিদ্যুতের তারে জড়িয়ে বউ-শাশুড়ির মৃত্যু
",82.05128205,135.0
