id,title,category1,T5_rank,T5_S_scale,T5_S_score
20223838,"ভারতের অনুমোদন পেয়েছি, দাম নির্ধারণ হলে পেয়াজ পেয়ে যাবো: প্রতিমন্ত্রী",অর্থনীতি,2.0,0.875,87.5
20170955,"

মিয়ানমারে সঙ্ঘাতে নিহত আনোয়ারের সন্তানদের ভবিষ্যৎ অনিশ্চিত
",অর্থনীতি,2.0,0.875,87.5
20044769,"কুমিল্লায় সড়ক দুর্ঘটনা, ঘটনাস্থলেই প্রাণ হারালেন ৪ জন",অর্থনীতি,2.0,0.875,87.5
20170991,"

সোনারগাঁয়ে কোল্ড স্টোরেজ থেকে মেয়াদোত্তীর্ণ ১৪ টন খেজুর জব্দ
",অর্থনীতি,2.0,0.875,87.5
20044767,বাংলাদেশে আশ্রয় নিলো বিজিপির আরও ১৫০ সদস্য,অর্থনীতি,2.0,0.875,87.5
20044766,উত্তরায় কাঁচাবাজারে ভয়াবহ আগুন নিয়ন্ত্রণে,অর্থনীতি,2.0,0.875,87.5
20051942,বাংলাদেশ সরকার ও ভারত প্রশ্নে এবার যা বলল যুক্তরাষ্ট্র,অর্থনীতি,2.0,0.875,87.5
20044764,"সংকটেও বাড়ছে প্রকল্প, কাটছাঁট ১৮ হাজার কোটি টাকা",অর্থনীতি,2.0,0.875,87.5
20171019,"

কোয়ালিটি ইন্টিগ্রেটেড অ্যাগ্রোর ‘মিট অ্যান্ড গ্রিট’ সম্মেলন
",অর্থনীতি,2.0,0.875,87.5
20044759,সদরপুরে সন্ত্রাসী হামলার প্রতিবাদে মানববন্ধন,অর্থনীতি,2.0,0.875,87.5
20044758,সিলেটে সড়কের দৃশ্য বদলায় না,অর্থনীতি,2.0,0.875,87.5
20171065,"

১২ শ’ কোটি টাকা ব্যয়ে প্রশস্ত হচ্ছে মেরিন ড্রাইভ সড়ক
",অর্থনীতি,2.0,0.875,87.5
20171071,"

দুই ধরনের খেজুরের যৌক্তিক মূল্য নির্ধারণ করে দিলো সরকার
",অর্থনীতি,2.0,0.875,87.5
20171091,"

রমজানে দুধের লিটার ১০ টাকা!
",অর্থনীতি,2.0,0.875,87.5
20170204,"

পতনের পথেই হাঁটছে পুঁজিবাজার
	বাজারমূলধনে আরো ১৪২১ কোটি টাকা নেই
",অর্থনীতি,2.0,0.875,87.5
20171146,"

কাভার্ডভ্যান ও নছিমনের সংঘর্ষে নির্মাণশ্রমিক নিহত, আহত ৬
",অর্থনীতি,2.0,0.875,87.5
20171152,"

কর্মসংস্থান সৃষ্টির লক্ষ্যে ঠাকুরগাঁওয়ে জামায়াতের সেলাই মেশিন বিতরণ
",অর্থনীতি,2.0,0.875,87.5
20170192,"

 ওয়ালটনের ‘ননস্টপ মিলিয়নিয়ার’ ক্যাম্পেইনে ফ্রিজ কিনে ১০ লাখ টাকা পেলেন সিলেটের গৃহিণী লাকি বেগম
",অর্থনীতি,2.0,0.875,87.5
20051833,সুদ-আসল দুটোই হারানোর শঙ্কা,অর্থনীতি,2.0,0.875,87.5
20171208,"

কাঁচপুরে মজুদকৃত ৪৯ লাখ টাকার মেয়াদোত্তীর্ণ খেজুর জব্দ
",অর্থনীতি,2.0,0.875,87.5
20170952,"

কাউখালীতে শসার কেজি ১০০ টাকা
",অর্থনীতি,2.0,0.875,87.5
20051884,ক্ষুধা ও রক্ত দিয়ে রমজানকে স্বাগত জানাল গাজা,অর্থনীতি,2.0,0.875,87.5
20170236,"

মসিক নির্বাচনে সাধারণ কাউন্সিলর ৯ জন ও সংরক্ষিত মহিলা কাউন্সিলর ৮ নতুন মুখ
",অর্থনীতি,2.0,0.875,87.5
20051318,১ লাখ রোজাদারদের ইফতার করাচ্ছে মাস্তুল ফাউন্ডেশন,অর্থনীতি,2.0,0.875,87.5
20051832,এডিপি থেকে বাদ যাচ্ছে ১৮ হাজার কোটি টাকা,অর্থনীতি,2.0,0.875,87.5
20051831,যুক্তরাষ্ট্রের প্রশ্নবাণে যে জবাব বাংলাদেশের,অর্থনীতি,2.0,0.875,87.5
20051627,রোজাদারদের জন্য নেই কোনো সুখবর,অর্থনীতি,2.0,0.875,87.5
20170550,"
	বিএডিসি উইমেনস অ্যাসোসিয়েশনে বক্তারা 
নারীরা উচ্চ আসনে অধিষ্ঠিত হতে নানা বাধার শিকার
",অর্থনীতি,2.0,0.875,87.5
20170564,"

আতঙ্কে রেস্তোরাঁ ব্যবসায় ‘লালবাতি’
",অর্থনীতি,2.0,0.875,87.5
20051623,দেশে পুরুষ প্রতিবন্ধী বেশি,অর্থনীতি,2.0,0.875,87.5
20170391,"

পটিয়া মাদরাসায় মুহতামিম নিয়োগ সম্পূর্ণ অবৈধ
আঞ্জুমনে ইত্তেহাদুল মাদারিস বাংলাদেশ
",অর্থনীতি,2.0,0.875,87.5
20051620,১৮ হাজার কোটি টাকা বরাদ্দ কমিয়ে সংশোধিত এডিপি অনুমোদন,অর্থনীতি,2.0,0.875,87.5
20170635,"

নাগালের বাইরে খেজুর  অস্থির লেবু-শসা-বেগুন
",অর্থনীতি,2.0,0.875,87.5
20170185,"

রেমিট্যান্স আহরণে ‘গোল্ড অ্যাওয়ার্ড’ পেল ইসলামী ব্যাংক 
",অর্থনীতি,2.0,0.875,87.5
20051617,B2(বিটু)-র ৫ম আউটলেট সোমবার ময়মনসিংহে উদ্বোধন হয়েছে।,অর্থনীতি,2.0,0.875,87.5
20170785,"

মোটরসাইকেল নিয়ন্ত্রণ হারিয়ে বৈদ্যুতিক খুঁটির সাথে ধাক্কা, নিহত ২
",অর্থনীতি,2.0,0.875,87.5
20170796,"

আজ সকালে বিশ্বের দ্বিতীয় দূষিত বাতাস ঢাকার
",অর্থনীতি,2.0,0.875,87.5
20170380,"

সাঁথিয়ায় আগুনে ৬টি দোকান পুড়ে কোটি টাকার ক্ষতি
",অর্থনীতি,2.0,0.875,87.5
20051879,আত্মাহুতি দেওয়া সেই মার্কিন সেনার নামে সড়ক নামকরণ করল ফিলিস্তিন,অর্থনীতি,2.0,0.875,87.5
20051324,এনইসিতে ২ লাখ ৪৫ হাজার কোটি টাকার আরএডিপি অনুমোদন,অর্থনীতি,2.0,0.875,87.5
20170824,"

কুষ্টিয়ায় চাচার কবরের পাশে বৃষ্টির দাফন
",অর্থনীতি,2.0,0.875,87.5
20170340,"
  	শ্রমিকদের কর্মঘণ্টা কমানোর দাবি 
ন্যায় ও ইনসাফভিত্তিক সমাজ প্রতিষ্ঠা করতে হবে -শামসুল ইসলাম
",অর্থনীতি,2.0,0.875,87.5
20170851,"

পাকিস্তানের নতুন পররাষ্ট্রমন্ত্রী ইসহাক দার
",অর্থনীতি,2.0,0.875,87.5
20170339,"

কুয়েতে প্রবাসী যুবকের মৃত্যু 
",অর্থনীতি,2.0,0.875,87.5
20170640,"

ট্যাক্স থেকে দায়মুক্তি অফশোর বিডিংয়ে
",অর্থনীতি,2.0,0.875,87.5
20171219,"

রোজায় সিএনজি স্টেশন ৫ ঘণ্টা বন্ধ রাখার নির্দেশ
",অর্থনীতি,2.0,0.875,87.5
20171194,"

জয়পুরহাটে ম্যাজিস্ট্রেট দেখে কমে গেল বেগুন ও আদার দাম
",অর্থনীতি,2.0,0.875,87.5
20170491,"

বায়তুল মোকাররমে মাসব্যাপী ইসলামী বইমেলা শুরু
",অর্থনীতি,2.0,0.875,87.5
20168527,"
	দ্য ইকোনমিস্টের  রিপোর্ট 
নিষেধাজ্ঞা সত্ত্বেও শক্ত অবস্থানে রাশিয়ার অর্থনীতি
",অর্থনীতি,2.0,0.875,87.5
20172941,"

আন্দোলনে নেসকোর ১২ শ' শ্রমিক-কর্মচারী, দুর্ভোগে গ্রাহক
",অর্থনীতি,2.0,0.875,87.5
20170174,"

আইসিবি অ্যাসেট ম্যানেজমেন্টে আন্তর্জাতিক নারী দিবস উদযাপন
",অর্থনীতি,2.0,0.875,87.5
20172994,"

চুয়াডাঙ্গায় মোটরসাইকেল থেকে পড়ে যুবক নিহত
",অর্থনীতি,2.0,0.875,87.5
20044700,তীব্র যানজট ভোগান্তি,অর্থনীতি,2.0,0.875,87.5
20172998,"

রমজানে ১ টাকা লাভে চাউল বিক্রি করছেন সাইফুল
",অর্থনীতি,2.0,0.875,87.5
20044698,লাগামহীন ইফতার দামে অস্বস্তি,অর্থনীতি,2.0,0.875,87.5
20173009,"

অস্ত্র আমদানি : ভারত ১, সৌদি ২, কাতার ৩
",অর্থনীতি,2.0,0.875,87.5
20173019,"

আজ থেকে নতুন সময়ে সরকারি অফিস-ব্যাংক-আদালত
",অর্থনীতি,2.0,0.875,87.5
20173033,"

উত্তরায় কাঁচাবাজারে ভয়াবহ আগুন নিয়ন্ত্রণে
",অর্থনীতি,2.0,0.875,87.5
20173039,"

প্রবাসী তিব্বত সরকারের জাতীয় অভ্যুত্থান দিবস উদযাপিত
",অর্থনীতি,2.0,0.875,87.5
20173053,"

পরিবহন ও যোগাযোগে ২.৯১ শতাংশ কমিয়েও সর্বোচ্চ বরাদ্দ
",অর্থনীতি,2.0,0.875,87.5
20173112,"

সিটি করপোরেশনগুলোর আইনি অসঙ্গতি দূর করা হবে : স্থানীয় সরকার মন্ত্রী
",অর্থনীতি,2.0,0.875,87.5
20173124,"

 ইউসিবিতে আন্তর্জাতিক নারী দিবস পালন
",অর্থনীতি,2.0,0.875,87.5
20051944,খেজুরের দাম বেঁধে দিল সরকার,অর্থনীতি,2.0,0.875,87.5
20044688,চুয়াডাঙ্গায় নিত্যপণ্যের দাম নিয়ন্ত্রণে বাজার তদারকি,অর্থনীতি,2.0,0.875,87.5
20173700,"

গাজায় ৪০ হাজার টন ত্রাণ পাঠিয়েছে তুরস্ক
",অর্থনীতি,2.0,0.875,87.5
20223803,রমজান মাসে সিএনজি স্টেশন বন্ধের নতুন সময় সূচি ঘোষণা,অর্থনীতি,2.0,0.875,87.5
20182971,"
রাজধানীতে সুলভমূল্যে মাছ গোশত  
সামান্য হলেও স্বস্তি দেবে
",অর্থনীতি,2.0,0.875,87.5
20044709,চাটমোহরে করিমনের চাপায় স্কুলছাত্রী নিহত,অর্থনীতি,2.0,0.875,87.5
20222864,"

মিরসরাইয়ে ৫০০ একর পতিত জমিতে তরমুজ চাষ
২০ কোটি টাকার উৎপাদনের আশা
",অর্থনীতি,2.0,0.875,87.5
20044710,‘বন্দরটি চালু হলে অর্থনৈতিক উন্নয়ন ঘটবে’,অর্থনীতি,2.0,0.875,87.5
20223805,"ভারত মহাসাগরে জলদস্যুর কবলে বাংলাদেশি জাহাজ, জিম্মি ২৩ নাবিক",অর্থনীতি,2.0,0.875,87.5
20171299,"

ব্যাংকগুলো ডিসেম্বর পর্যন্ত স্বেচ্ছায় একীভূত হতে পারবে, মার্চে সিদ্ধান্ত কেন্দ্রীয় ব্যাংকের
",অর্থনীতি,2.0,0.875,87.5
20171330,"

লেবুর দাম নিয়ে প্রশ্ন বাণিজ্য প্রতিমন্ত্রীরও
",অর্থনীতি,2.0,0.875,87.5
20171370,"

ধামরাইয়ে অটোরিকশার চাপায় প্রাণ গেল ৭ বছরের শিশুর
",অর্থনীতি,2.0,0.875,87.5
20171375,"

অনুদান পেতে আইওএম’র সাথে সরকারের চুক্তি স্বাক্ষরিত
",অর্থনীতি,2.0,0.875,87.5
20170138,"

এস্টারিকস জাতের আলু চাষে বেলালের বাজিমাত
",অর্থনীতি,2.0,0.875,87.5
20170125,"

কিশোরগঞ্জের অজপাড়াগাঁয়ে তৈরি হচ্ছে জামদানি শাড়ি
",অর্থনীতি,2.0,0.875,87.5
20044729,বড় ভাইয়ের মারধরে ছোট ভাই নিহত,অর্থনীতি,2.0,0.875,87.5
20171472,"

দ্বৈত কর এড়াতে বাংলাদেশ-নেদারল্যান্ডসের নতুন চুক্তি সই
",অর্থনীতি,2.0,0.875,87.5
20172913,"

এডিপির আকার কমল ১৮ হাজার কোটি টাকা
",অর্থনীতি,2.0,0.875,87.5
20171478,"

দ্বৈত কর এড়াতে বাংলাদেশ-নেদারল্যান্ডসের নতুন চুক্তি সই
",অর্থনীতি,2.0,0.875,87.5
20044725,সরাইলে ১৫৪ অবৈধ সংযোগ বিচ্ছিন্ন,অর্থনীতি,2.0,0.875,87.5
20051933,কুরিয়ার সার্ভিস নয় যেন মামলার হাট,অর্থনীতি,2.0,0.875,87.5
20044723,সিংড়ায় ট্রাক-ভ্যানের সংঘর্ষে নিহত ৩,অর্থনীতি,2.0,0.875,87.5
20171513,"

ইচ্ছাকৃত খেলাপিদের বিদেশ ভ্রমণে নিষেধাজ্ঞা, পাবেন না সম্মাননা  
",অর্থনীতি,2.0,0.875,87.5
20171533,"

ইউএসআইটিসির শুনানিতে তৈরি পোশাক শিল্পের অগ্রগতির কথা তুলে ধরেন বিজিএমইএ সভাপতি
",অর্থনীতি,2.0,0.875,87.5
20171547,"

গ্রাহকরা কীভাবে বুঝবেন কোন ব্যাংকের আর্থিক অবস্থা কেমন?
",অর্থনীতি,2.0,0.875,87.5
20044714,বিশ্বের শীর্ষ পর্যায়ের ৫৫ কোম্পানিকে আমন্ত্রণ,অর্থনীতি,2.0,0.875,87.5
20168602,"

 চুয়াডাঙ্গায় বাজার নিয়ন্ত্রণে  ডিসি-এসপির মনিটরিং
",অর্থনীতি,2.0,0.875,87.5
20223801,আউশের উৎপাদন বাড়াতে ৬৪ কোটি টাকার প্রণোদনা,অর্থনীতি,2.0,0.875,87.5
20051943,তানভীর-জেসমিনসহ ১৮ জনের মামলার রায় ১৯ মার্চ,আইন,3.0,0.75,75.0
20170426,"

রাজশাহীতে সনি হত্যা মামলায় তরুণ-তরুণীর যাবজ্জীবন
",আইন,3.0,0.75,75.0
20170407,"

অতিরিক্ত আইজিপি পদমর্যাদার পুলিশের ছয় কর্মকর্তার পদায়ন
",আইন,3.0,0.75,75.0
20170167,"

শিক্ষার আলো থেকে বঞ্চিত কোমলমতি শিশুরা
	রাঙ্গাবালীর বিচ্ছিন্ন চর কাশেমের জীবনচিত্র
",আইন,3.0,0.75,75.0
20170370,"

বরিশালের বিভিন্ন পার্ক থেকে শতাধিক ছাত্রছাত্রী আটক
",আইন,3.0,0.75,75.0
20168528,"

রমজানে আল-আকসায় মুসল্লিদের প্রবেশে বাধা ইসরাইলের
",আইন,3.0,0.75,75.0
20170229,"

চিকিৎসা অবহেলার ক্ষেত্রে মেডিক্যাল বোর্ড গঠন প্রশ্নে হাইকোর্টের রুল
",আইন,3.0,0.75,75.0
20170218,"

রমজানে স্কুল খোলা থাকা নিয়ে আপিল বিভাগে শুনানি আজ 
আদেশ স্থগিত করেনি চেম্বার আদালত
",আইন,3.0,0.75,75.0
20170208,"

প্রাথমিকে প্রতিবন্ধী কোটায় ১১৭ জনকে নিয়োগ প্রশ্নে হাইকোর্টের রুল 
",আইন,3.0,0.75,75.0
20223837,গাইবান্ধায় গ্রাম পুলিশদের পাঁচ দিনব্যাপী বিশেষ প্রশিক্ষণ,আইন,3.0,0.75,75.0
20168362,"

প্রশ্নোত্তর
",আইন,3.0,0.75,75.0
20171013,"

তাড়াশে ভুট্টা ক্ষেত থেকে নবজাতক উদ্ধার
",আইন,3.0,0.75,75.0
20170499,"
	আপিল বিভাগের আদেশ 
গ্রামীণ কল্যাণের কাছে ৬০০ কোটি টাকা দাবির রিট নিষ্পত্তির নির্দেশ
",আইন,3.0,0.75,75.0
20223821,অসহায় মানুষের মাঝে ইফতার বিতরণ কার্যক্রম শুরু করেছে পুনাক,আইন,3.0,0.75,75.0
20223817,ভারতে সিএএ কার্যকর হতেই বিক্ষোভে উত্তাল আসাম,আইন,3.0,0.75,75.0
20173577,"

ফরিদপুরে পদ্মা নদী থেকে অজ্ঞাত ব্যক্তির লাশ উদ্ধার
",আইন,3.0,0.75,75.0
20172963,"

বেইলি রোড ট্র্যাজেডি : ১১ দিন পর নাজমুলের লাশ হস্তান্তর
",আইন,3.0,0.75,75.0
20172932,"

সিংগাইরে কুরআন পোড়ানোর প্রতিবাদে বিক্ষোভ মিছিল ও সমাবেশ
",আইন,3.0,0.75,75.0
20172901,"

পরকীয়ার জেরে নারীকে হত্যা, মা-মেয়ে গ্রেফতার
",আইন,3.0,0.75,75.0
20171571,"

সিংগাইরে সকালে থানায় জিডি, সন্ধ্যায় লাশ উদ্ধার!
",আইন,3.0,0.75,75.0
20171462,"

সকল ধরনের চাঁদাবাজির বিরুদ্ধে কঠোর ব্যবস্থা নেয়া হবে : আইজিপি
",আইন,3.0,0.75,75.0
20171413,"

সিংগাইরে কহেল হত্যার ঘটনায় মামলা, ভাতিজা গ্রেফতার
",আইন,3.0,0.75,75.0
20171233,"

ঋণ জালিয়াতি : তানভীর মাহমুদসহ ১৮ জনের রায় ১৯ মার্চ
",আইন,3.0,0.75,75.0
20171228,"

কল্পনার মৃত্যুর কারণ জানা গেল ৩ বছর পর : শারীরিক সম্পর্কের পর হত্যা
",আইন,3.0,0.75,75.0
20171215,"

গাজীপুরে আসামি গ্রেফতারে সহযোগিতা করায় কাটা গেল যুবকের কব্জি
",আইন,3.0,0.75,75.0
20171183,"

পাথরঘাটায় প্রবাসীর বাড়ি থেকে স্বর্ণালংকার ও মালামাল চুরি
",আইন,3.0,0.75,75.0
20171137,"

মেয়ের মৃত্যুর সংবাদ শুনে মারা গেলেন মা!
",আইন,3.0,0.75,75.0
20171092,"

ধর্ম অবমাননায় সর্বোচ্চ সাজা মৃত্যুদণ্ডের পক্ষে হাইকোর্ট
",আইন,3.0,0.75,75.0
20171050,"

মিরসরাইয়ে স্কুলছাত্রীকে ধর্ষণের অভিযোগ বখাটে গ্রেফতার
",আইন,3.0,0.75,75.0
20171021,"

জামালপুরে ইউপি চেয়ারম্যান সাময়িক বরখাস্ত
",আইন,3.0,0.75,75.0
20170942,"

বাংলাদেশে আশ্রয় নেয়া বিজিপি সদস্যদের সংখ্যা বেড়ে ১৭৯
",আইন,3.0,0.75,75.0
20170895,"

রমজানে শিক্ষাপ্রতিষ্ঠান খোলা থাকবে : আপিল বিভাগ
",আইন,3.0,0.75,75.0
20170859,"

থেমে থাকা ট্রাকে ধাক্কা, নিহত ৪
",আইন,3.0,0.75,75.0
20170844,"

সালাম মুর্শেদীর বাড়ি নিয়ে হাইকোর্টের রায় দুপুরে
",আইন,3.0,0.75,75.0
20170817,"

ডিএমপির অভিযানে গ্রেফতার ২৩
",আইন,3.0,0.75,75.0
20170813,"

রোজায় স্কুল খোলা থাকবে কি না, জানা যাবে আজ
",আইন,3.0,0.75,75.0
20170803,"

রমজানে গাজায় হামলা চালানোয় ‘আতঙ্কিত’ জাতিসঙ্ঘ প্রধান
",আইন,3.0,0.75,75.0
20170632,"

পবিত্র রমজান মাস শুরু আজ
৬ এপ্রিল শবেকদর
",আইন,3.0,0.75,75.0
20170592,"

সুপ্রিম কোর্ট বার নির্বাচনে মারামারি, তিন সহকারী অ্যাটর্নি জেনারেলকে অব্যাহতি
",আইন,3.0,0.75,75.0
20170517,"

কক্সবাজারে এডি আর্টিলারি গান ফায়ারিং পরিদর্শনে সেনাবাহিনী প্রধান
",আইন,3.0,0.75,75.0
20170445,"

 ওয়াইফাইয়ের নাম পরিবর্তনে
",আইন,3.0,0.75,75.0
20051941,হোটেল-রেস্তোরাঁয় যেভাবে অভিযান চালানোর নির্দেশ হাইকোর্টের,আইন,3.0,0.75,75.0
20170388,"

বেইলি রোডে নিহত সাংবাদিকের লাশ বুঝে পেলেন বাবা
",আইন,3.0,0.75,75.0
20044730,কলম উপহারের নামে ভয়ঙ্কর মাইন্ড কন্ট্রোল ড্রাগের প্রয়োগ,আইন,3.0,0.75,75.0
20044732,চোরাই মোবাইল বিক্রির টাকা নিয়ে দ্বন্দ্বে কবি নজরুলের ছাত্র পিয়াস খুন,আইন,3.0,0.75,75.0
20044691,"মামলায় সাক্ষ্য দেয়ায় মারধর করে চাঁদা দাবি, পুলিশের সহায়তায় উদ্ধার",আইন,3.0,0.75,75.0
20051828,"১০-১৫ দিন স্কুল বন্ধ রাখলে কী এমন ক্ষতি হবে, প্রশ্ন আদালতের",আইন,3.0,0.75,75.0
20051626,ধর্মীয় অবমাননায় সর্বোচ্চ শাস্তির পরামর্শ হাইকোর্টের,আইন,3.0,0.75,75.0
20051624,রিমান্ড শেষে কারাগারে ৫ আইনজীবী,আইন,3.0,0.75,75.0
20044695,রোজায় খোলা থাকবে শিক্ষাপ্রতিষ্ঠান,আইন,3.0,0.75,75.0
20044731,ঢাকা ওয়াসার মিরপুর জোন ও ব্যাংকে দুদকের অভিযান,আইন,3.0,0.75,75.0
20044704,তারাকান্দায় মাইক্রোবাস মোটরসাইকেল মুখোমুখি সংঘর্ষে নিহত ২,আইন,3.0,0.75,75.0
20044687,দ্রব্যমূল্যের ঊর্ধ্বগতি প্রতিরোধে মাঠ পর্যায়ে নির্দেশ,আইন,3.0,0.75,75.0
20051323,বাল্যবিয়ে প্রতিরোধে উঠান বৈঠক,আইন,3.0,0.75,75.0
20044716,রমজানে স্কুল খোলা থাকবে কিনা জানা যাবে আজ,আইন,3.0,0.75,75.0
20044721,আইনশৃঙ্খলা কমিটির সভায় ক্ষোভ,আইন,3.0,0.75,75.0
20044768,ভারতে কথিত ৮ বাংলাদেশি গ্রেপ্তার,আইন,3.0,0.75,75.0
20044713,সিরাজগঞ্জে ৫০ লাখ টাকার হেরোইনসহ বাবা ও ছেলে আটক,আইন,3.0,0.75,75.0
20051878,"ইয়েমেনে যুক্তরাষ্ট্র-যুক্তরাজ্যের বিমান হামলা, নিহত ১১",আইন,3.0,0.75,75.0
20044765,ডিএমপি ব্যাডমিন্টন টুর্নামেন্টে চ্যাম্পিয়ন ডিআইজি হারুন- এডিসি নাজমুল,আইন,3.0,0.75,75.0
20051936,"রোজায় স্কুল খোলা নাকি বন্ধ, আদালতের দিকে তাকিয়ে অভিভাবক-শিক্ষকরা",আইন,3.0,0.75,75.0
20044761,দক্ষিণ আফ্রিকায় গুলিতে বাংলাদেশি নিহত,আইন,3.0,0.75,75.0
20051935,"রমজানে স্কুল খোলা থাকবে কি না, জানা যাবে আজ",আইন,3.0,0.75,75.0
20044728,"খুলনায় ধর্ষণ মামলার আসামি চেয়ারম্যান প্রকাশ্যে, হুমকির মুখে বাদী",আইন,3.0,0.75,75.0
20044760,কালিহাতীতে অজ্ঞাত লাশ উদ্ধার,আইন,3.0,0.75,75.0
20051937,রমজানে প্রথম ১০ দিন প্রাথমিক ১৫ দিন মাধ্যমিক স্কুল খোলা,আইন,3.0,0.75,75.0
20044756,ছেলের বিরুদ্ধে মামলা করে ঘরছাড়া বাবা-মা,আইন,3.0,0.75,75.0
20044755,ভোরে ঢাকায় আসা যাত্রীদের সব লুটে নেয় তারা,আইন,3.0,0.75,75.0
20044745,মেডিকেল শিক্ষার্থীকে গুলি করা সেই শিক্ষক পাঁচ দিনের রিমান্ডে,আইন,3.0,0.75,75.0
20170451,"

মাঝ আকাশে পাইলটের ঘুম
",বিজ্ঞান,4.0,0.625,62.5
20171135,"

অ্যাপ-কর্মীদের অধিকার রক্ষায় সম্মত ইইউ
",বিজ্ঞান,4.0,0.625,62.5
20171168,"

ভারত মহাসাগরে জলদস্যুদের কবলে বাংলাদেশী জাহাজ
",বিজ্ঞান,4.0,0.625,62.5
20051622,ঘরের ভেতর সিসি ক্যামেরা নিষিদ্ধ করল এয়ারবিএনবি,বিজ্ঞান,4.0,0.625,62.5
20051616,"পৃথিবীর প্রথম ত্রিমাত্রিক ছবি তুলে পাঠাল ইসরোর INSAT-3DS, ঠিক যেন লাল-নীল-সবুজের মেলা",বিজ্ঞান,4.0,0.625,62.5
20170985,"

পাকিস্তানের একটি দোকানে পার্সোনাল কম্পিউটারের প্রথম ভাইরাস ব্রেইনের জন্ম হয়েছিল যেভাবে
",বিজ্ঞান,4.0,0.625,62.5
20171052,"

ইউক্রেনে রাশিয়ার অগ্রযাত্রা থেমে গেছে : জেলেনস্কি
",বিজ্ঞান,4.0,0.625,62.5
20170742,"

ছবি তুলেই যেকোনো অঙ্কের সমাধান গুগলের অ্যাপে!
",বিজ্ঞান,4.0,0.625,62.5
20170764,"

মার্ভ প্রযুক্তি-নির্ভর অগ্নি-৫ মিসাইলের সফল পরীক্ষা ভারতের
",বিজ্ঞান,4.0,0.625,62.5
20170811,"

ইউক্রেন নিয়ে পোপের মন্তব্যের সমালোচনায় জার্মানি
",বিজ্ঞান,4.0,0.625,62.5
20171519,"

ইসরাইলি বাহিনীকে হামাসের অতর্কিত হামলা
",বিজ্ঞান,4.0,0.625,62.5
20051325,ঈদ উপলক্ষে দারাজ নিয়ে এলো গ্র্যান্ড ঈদ ফেস্টিভ্যাল ২০২৪,বিজ্ঞান,4.0,0.625,62.5
20051875,রমজান মাসে হাজারো পণ্যের দাম কমেছে আরব আমিরাতে,বিজ্ঞান,4.0,0.625,62.5
20051317,৫ম বছরে পদার্পন করল ব্যাকস্পেস,বিজ্ঞান,4.0,0.625,62.5
20170907,"

সারাদেশে বাড়তে পারে দিন ও রাতের তাপমাত্রা
",বিজ্ঞান,4.0,0.625,62.5
20044770,"ফেসবুককে ‘জনগণের শত্রু’ বললেন ট্রাম্প, ডুবলো মেটার স্টক",বিজ্ঞান,4.0,0.625,62.5
20044701,খোশ আমদেদ মাহে রমজান,বিজ্ঞান,4.0,0.625,62.5
20170714,"

জিনজিয়াং সফরে সর্বোচ্চ সতর্কতামূলক পরামর্শ জারির আহ্বান মার্কিন প্যানেলের
",বিজ্ঞান,4.0,0.625,62.5
20051939,দেশের অর্ধেক জেলায় হতে পারে বজ্রসহ বৃষ্টি,বিজ্ঞান,4.0,0.625,62.5
20170539,"

মানহীন মেশিনে অচল এআইএসের আধুনিক প্রেস
	কোটি কোটি টাকা লোপাটের অভিযোগ
",বিজ্ঞান,4.0,0.625,62.5
20173637,"

দোয়ারাবাজারে গরুর খামারে আগুন
",বিজ্ঞান,4.0,0.625,62.5
20051880,অগ্নি-৫ ক্ষেপণাস্ত্রের সফল পরীক্ষা চালাল ভারত,বিজ্ঞান,4.0,0.625,62.5
20222857,"

পাসপোর্ট ছাড়াই যাওয়া যাবে সৌদি আরবে
",বিজ্ঞান,4.0,0.625,62.5
20044689,সরাইলে কাভার্ড ভ্যানের ধাক্কায় যুবক নিহত,বিজ্ঞান,4.0,0.625,62.5
20044684,সাশ্রয়ী মূল্যে সেচ পেয়ে খুশি ২২১ কৃষক,বিজ্ঞান,4.0,0.625,62.5
20168478,"

ইন্দোনেশিয়ায় মাঝ আকাশে ঘুমিয়ে পড়া ২ পাইলট বরখাস্ত
",বিজ্ঞান,4.0,0.625,62.5
20044685,চাষাবাদের আওতায় আসবে ৩ হাজার হেক্টর পতিত জমি,বিজ্ঞান,4.0,0.625,62.5
20168383,"

 ওডেসায় ১৫টি রুশ ড্রোন ভূপাতিত করার দাবি ইউক্রেনের
",বিজ্ঞান,4.0,0.625,62.5
20051886,রাশিয়ার ইলেকট্রনিক ভোটিং সিস্টেমে সাইবার আক্রমণ চালাবে যুক্তরাষ্ট্র!,বিজ্ঞান,4.0,0.625,62.5
20171243,"

২০২৩ সালে চীন প্রায় ৪০ লাখ হেক্টর বনায়ন করেছে
",বিজ্ঞান,4.0,0.625,62.5
20182947,"

হাদিসের কথা
",বিজ্ঞান,4.0,0.625,62.5
20051889,যুক্তরাষ্ট্রের বিরুদ্ধে প্রেসিডেন্ট নির্বাচনে হস্তক্ষেপের অভিযাগ রাশিয়ার,বিজ্ঞান,4.0,0.625,62.5
20051895,"মধ্যপ্রাচ্যে ইরান, রাশিয়া ও চীনের যৌথ মহড়া",বিজ্ঞান,4.0,0.625,62.5
20223813,সিডনি থেকে অকল্যান্ড যাওয়ার পথে মাঝ আকাশে বিমানে বড় বিপত্তি,বিজ্ঞান,4.0,0.625,62.5
20170154,"

নারী দিবস উপলক্ষে মহিলা বিজ্ঞানী সমিতির আলোচনা সভা
",বিজ্ঞান,4.0,0.625,62.5
20044712,দিরাইয়ে শিক্ষকের ওপর হামলার প্রতিবাদে শিক্ষার্থীদের মানববন্ধন,শিক্ষা,5.0,0.5,50.0
20172905,"

‘ওরা আমাদের মুসলিম পরিচয় কাইড়া নিতে চায়’
",শিক্ষা,5.0,0.5,50.0
20171565,"

নিষেধাজ্ঞার প্রতিবাদে বিভিন্ন বিশ্ববিদ্যালয়ে গণ-ইফতার
",শিক্ষা,5.0,0.5,50.0
20171550,"

ইফতারের ওপর নিষেধাজ্ঞার প্রতিবাদে রাবিতে গণ-ইফতারের ডাক
",শিক্ষা,5.0,0.5,50.0
20170158,"

 এশিয়ান ইউনিভার্সিটি অব বাংলাদেশে ভর্তিমেলা শুরু
",শিক্ষা,5.0,0.5,50.0
20044711,মাদ্রাসাছাত্রকে বলাৎকার শিক্ষকের বিরুদ্ধে মামলা,শিক্ষা,5.0,0.5,50.0
20171433,"

কুবিতে মৌন প্রতিবাদের পর ক্লাস বর্জনের সিদ্ধান্ত শিক্ষক সমিতির
",শিক্ষা,5.0,0.5,50.0
20170928,"

রোজায় কোন শিক্ষাপ্রতিষ্ঠান কতদিন খোলা থাকবে
",শিক্ষা,5.0,0.5,50.0
20171246,"

রোজায় দুই শিফটের স্কুলে ক্লাসের ব্যাপারে নতুন নির্দেশনা
",শিক্ষা,5.0,0.5,50.0
20168533,"

গাছুয়া মাধ্যমিক বিদ্যালয়ে বার্ষিক ক্রীড়া প্রতিযোগিতা
",শিক্ষা,5.0,0.5,50.0
20222862,"

 বাউফলে প্রতিবন্দ্বী শিশু নিহত : আটক ১
",শিক্ষা,5.0,0.5,50.0
20222901,"

  ইবিতে রমজানের মাহাত্মা শীর্ষক বারোয়ারি বিতর্ক
",শিক্ষা,5.0,0.5,50.0
20223820,ইফতার মাহফিলে নিষেধাজ্ঞার প্রতিবাদে বিভিন্ন বিশ্ববিদ্যালয়ে গণ-ইফতার,শিক্ষা,5.0,0.5,50.0
20223825,রমজানের প্রথম দিনে সংঘর্ষে জড়ালো বাকৃবি ছাত্রলীগ,শিক্ষা,5.0,0.5,50.0
20223826,গণইফতার করে শাবিতে প্রতিবাদ,শিক্ষা,5.0,0.5,50.0
20171124,"

জবির রেজিস্ট্রার পদ থেকে অব্যাহতি নিলেন ওহিদুজ্জামান
",শিক্ষা,5.0,0.5,50.0
20051929,প্রকৌশল গুচ্ছ ভর্তি পরীক্ষায় প্রথম ইশতিয়াক,শিক্ষা,5.0,0.5,50.0
20044750,ক্যাম্পাসে ইফতার পার্টি না করার অনুরোধ শাবি প্রশাসনের,শিক্ষা,5.0,0.5,50.0
20223834,হাবিপ্রবিতে সাধারণ শিক্ষার্থীদের ব্যানারে গণইফতার,শিক্ষা,5.0,0.5,50.0
20170917,"

গলাচিপায় মহিষের আঘাতে এক কৃষকের মৃত্যু
",শিক্ষা,5.0,0.5,50.0
20172927,"

শ্রেণিকক্ষ দখল নিয়ে ভিসির কার্যালয় অবরোধ ইবি শিক্ষার্থীদের
",শিক্ষা,5.0,0.5,50.0
20170364,"

প্রবাসী কর্মীদের মেধাবী সন্তানদের হাতে শিক্ষাবৃত্তি ও প্রতিবন্ধী ভাতার চেক বিতরণ 
",শিক্ষা,5.0,0.5,50.0
20051615,শিক্ষাঙ্গনে ইফতার মাহফিল নিষিদ্ধের ঘটনায় ছাত্রদলের নিন্দা,শিক্ষা,5.0,0.5,50.0
20171378,"

নিষেধাজ্ঞার জবাবে ঢাবিতে প্রতিবাদী গণ-ইফতার
",শিক্ষা,5.0,0.5,50.0
20170419,"

ঝালকাঠিতে মেয়েদের স্কুল ভাঙচুর করল ছেলেরা
",শিক্ষা,5.0,0.5,50.0
20173081,"

ছুটি নিয়ে শিক্ষকরা বিদেশে ক্ষতিগ্রস্ত হচ্ছে শিক্ষার্থীরা 
",শিক্ষা,5.0,0.5,50.0
20173121,"

রাবি ছাত্রীকে নেকাব খুলতে বাধ্য করায় শিক্ষকের শাস্তি দাবি 
",শিক্ষা,5.0,0.5,50.0
20170479,"

সোনারগাঁওয়ে এসএসসি পরীক্ষার্থীসহ একই পরিবারের তিনজনকে কুপিয়ে জখম
",শিক্ষা,5.0,0.5,50.0
20044690,রাবিতে হিজাব নিয়ে শিক্ষকের কটাক্ষ শাস্তির দাবিতে দু’দিনের আলটিমেটাম,শিক্ষা,5.0,0.5,50.0
20173135,"

নিত্যানন্দকাটি প্রাথমিক বিদ্যালয়ের ৩ শিক্ষককে রাজকীয় সংবর্ধনা 
",শিক্ষা,5.0,0.5,50.0
20044708,শৃঙ্খলা ভঙ্গের দায়ে শাবিতে হল থেকে ৮ শিক্ষার্থী সাময়িক বহিষ্কার,শিক্ষা,5.0,0.5,50.0
20170531,"
 রাজপথে মৃত্যুর হানা 
সিংড়ায় ২ সহোদরসহ বিভিন্ন স্থানে নিহত ৭
",শিক্ষা,5.0,0.5,50.0
20173061,"
	মেডিক্যাল ছাত্রকে গুলি 
সিরাজগঞ্জে শিক্ষক রায়হান শরীফের ৫ দিনের রিমান্ড মঞ্জুর
",শিক্ষা,5.0,0.5,50.0
20044736,"কলাপাড়ায় জাল ছেঁড়াকে কেন্দ্র করে দুই গ্রুপের সংঘর্ষ, আহত ২০",শিক্ষা,5.0,0.5,50.0
20173630,"

সোনাইমুড়ীতে স্ত্রীকে নকল সরবরাহের দায়ে স্বামীর কারাদণ্ড 
",শিক্ষা,5.0,0.5,50.0
20051621,রোজায় স্কুল খোলা রাখার বিষয়ে যা জানাল দুই মন্ত্রণালয়,শিক্ষা,5.0,0.5,50.0
20173672,"

ব্রিটেনে মসজিদ ও মুসলিম স্থাপনার নিরাপত্তায় তহবিল ঘোষণা
",শিক্ষা,5.0,0.5,50.0
20170238,"

রাবির ‘সি’ ইউনিটের ফল প্রকাশ
",শিক্ষা,5.0,0.5,50.0
20044699,জগন্নাথে পদে পদে অনিয়ম,শিক্ষা,5.0,0.5,50.0
20170237,"

‘নারী-পুরুষ সমতা নয়, ন্যায্যতা দিতে হবে : ড. সাদেকা হালিম 
",শিক্ষা,5.0,0.5,50.0
20172939,"

হিজাব নিয়ে কটাক্ষকারী সেই শিক্ষককে ৫ বছরের অব্যাহতি
",শিক্ষা,5.0,0.5,50.0
20173652,"

 গৌরনদীতে বইমেলা ও সাংস্কৃতিক অনুষ্ঠান
",শিক্ষা,5.0,0.5,50.0
20044703,নকল সরবরাহের দায়ে যুবকের কারাদণ্ড,শিক্ষা,5.0,0.5,50.0
20170354,"
	রাজশাহীতে স্বাস্থ্যমন্ত্রী 
অপারেশনকালে দুর্ঘটনা ঘটলে দায় হাসপাতাল ও চিকিৎসককে নিতে হবে 
",লাইফস্টাইল,6.0,0.375,37.5
20044727,হাসপাতাল কর্তৃপক্ষের অবহেলায় নবজাতকের মৃত্যুর অভিযোগ,লাইফস্টাইল,6.0,0.375,37.5
20051890,খাবারের অভাবে ইফতার করতে পারেননি গাজার ২ হাজার চিকিৎসাকর্মী,লাইফস্টাইল,6.0,0.375,37.5
20171501,"

নোয়াখালীতে স্বামীর পরিবারের নির্যাতনে গৃহবধুর মৃত্যুর অভিযোগ
",লাইফস্টাইল,6.0,0.375,37.5
20171445,"

বাংলাদেশকে ১৭৫০০ করোনা শনাক্তকারী কিট দিয়েছে জাপান
",লাইফস্টাইল,6.0,0.375,37.5
20173075,"

 দশমিনায় ডোবায় বিরল প্রজাতির মাছ
",লাইফস্টাইল,6.0,0.375,37.5
20172972,"

যুক্তরাষ্ট্রে স্মার্টফোন ছাড়াই স্বস্তিবোধ করে বেশিভাগ কিশোর-কিশোরী
",লাইফস্টাইল,6.0,0.375,37.5
20170464,"
 হেলথ টিপস 
টমেটোর উপকারিতা
",লাইফস্টাইল,6.0,0.375,37.5
20171305,"

জামালপুর জেনারেল হাসপাতালে রোগীর মৃত্যু, চিকিৎসকের ওপর হামলা
",লাইফস্টাইল,6.0,0.375,37.5
20170476,"

রাজধানীর এভারকেয়ারে ১০০তম বোনম্যারো প্রতিস্থাপন
",লাইফস্টাইল,6.0,0.375,37.5
20170725,"

পর্যাপ্ত পানি খেয়েও প্রস্রাবে সমস্যা হতে পারে যে জটিল রোগের ইঙ্গিত
",লাইফস্টাইল,6.0,0.375,37.5
20051855,রোজা রাখা কি স্বাস্থ্যের জন্য ভালো?,লাইফস্টাইল,6.0,0.375,37.5
20170163,"

 বাংলা ভিশনে পুষ্টি পবিত্র কুরআনের আলো- সিজন-১৬ 
",লাইফস্টাইল,6.0,0.375,37.5
20171006,"

কোভিড বিশ্বব্যাপী মানুষের আয়ু ১.৬ বছর কমিয়েছে : গবেষণা
",লাইফস্টাইল,6.0,0.375,37.5
20172988,"

নৌপথে প্রথম চালান আসছে গাজায়
",লাইফস্টাইল,6.0,0.375,37.5
20170900,"

ভারতে নিয়ন্ত্রণ হারিয়ে বরযাত্রায় ট্রাকের ধাক্কা, নিহত ৫
",লাইফস্টাইল,6.0,0.375,37.5
20051918,রুয়েটে চাকরির সুযোগ,লাইফস্টাইল,6.0,0.375,37.5
20170526,"

এবার ডেঙ্গুতে মৃত্যু ও শনাক্ত দ্বিগুণ
",লাইফস্টাইল,6.0,0.375,37.5
20044696,রোনালদোর মিসে আল নাসরের হার,খেলাধুলা,7.0,0.25,25.0
20171529,"

মাহমুদউল্লাহকে পেয়ে খুশি শান্ত, মিস করবেন সাকিবকে
",খেলাধুলা,7.0,0.25,25.0
20171545,"
এএফসি চ্যাম্পিয়ন্স লিগ থেকে বিদায় আল নাসেরের 
কাজে এল না রোনালদোর শেষ মুহূর্তের গোল
",খেলাধুলা,7.0,0.25,25.0
20172974,"

মাঠে নামার ২২ ঘণ্টা আগে স্কোয়াড ঘোষণা শ্রীলঙ্কার
",খেলাধুলা,7.0,0.25,25.0
20173105,"

 ক্রাইস্টচার্চে অস্ট্রেলিয়ার স্মরণীয় জয়
",খেলাধুলা,7.0,0.25,25.0
20173111,"

‘আত্মবিশ্বাস ছিল কয়েকটি সেভ করব’
",খেলাধুলা,7.0,0.25,25.0
20173613,"

চুনারুঘাটে বিশ্বসেরা হাফেজ বশিরকে সংবর্ধনা দিলেন ব্যারিস্টার সুমন
",খেলাধুলা,7.0,0.25,25.0
20173666,"

ইউক্রেনে ম্যাক্রোঁর সফর স্থগিত 
",খেলাধুলা,7.0,0.25,25.0
20222859,"

ফিলিস্তিনকে স্বীকৃতির প্রস্তাব পার্লামেন্টে তুলবেন স্পেনের প্রধানমন্ত্রী
",খেলাধুলা,7.0,0.25,25.0
20044722,নরসিংদীতে মেয়র কাপ ক্রিকেট টুর্নামেন্ট অনুষ্ঠিত,খেলাধুলা,7.0,0.25,25.0
20044739,বিমানবন্দরে চ্যাম্পিয়ন হওয়ার গল্প শোনালেন অধিনায়ক,খেলাধুলা,7.0,0.25,25.0
20044754,ছোট পর্দায় আজকের খেলা,খেলাধুলা,7.0,0.25,25.0
20170312,"

হাথুরু থাকলে ফেরা কঠিন হবে : তামিম
",খেলাধুলা,7.0,0.25,25.0
20170968,"

সিরিজ জিততে চায় বাংলাদেশ, সমর্থকদের ফিডব্যাক দিতে চান শান্ত
",খেলাধুলা,7.0,0.25,25.0
20051912,রমজানের শুভেচ্ছাবার্তায় কী লিখলেন বাবর ইউসুফ ও মুশফিকরা,খেলাধুলা,7.0,0.25,25.0
20051910,"নারী ক্রিকেটারদের সঙ্গে অশালীন ব্যবহার, ক্ষমা চাইল বোর্ড",খেলাধুলা,7.0,0.25,25.0
20051909,"পুরনো ইস্যু উস্কে দেওয়ায় মেজাজ হারালেন আমির, জড়ালেন তর্কে",খেলাধুলা,7.0,0.25,25.0
20171269,"

নিউক্যাসলকে হারিয়ে ইউরোপের আশা টিকিয়ে রাখলো চেলসি
",খেলাধুলা,7.0,0.25,25.0
20170303,"

ব্রত ওডিআই মিশনে
",খেলাধুলা,7.0,0.25,25.0
20051914,"দর্শকের সঙ্গে তর্ক আমিরের, কী হয়েছিল মাঠে",খেলাধুলা,7.0,0.25,25.0
20051320,‘এক ম্যাচ খরাপ খেললে আমরা খারাপ দল হয়ে যাই’!,খেলাধুলা,7.0,0.25,25.0
20051321,"রাত পোহালে প্রথম ওয়ানডে, স্কোয়াডই ঘোষণা করেনি লঙ্কানরা",খেলাধুলা,7.0,0.25,25.0
20170294,"

  প্রাইম ব্যাংক, আবাহনী ও শেখ জামাল জয়ী
",খেলাধুলা,7.0,0.25,25.0
20051904,সাকিবের সেই মন্তব্যের জবাব দিলেন তামিম,খেলাধুলা,7.0,0.25,25.0
20051892,গাজায় যুদ্ধবিরতির জন্য 'ভালো সুযোগ' হতে পারে রমজান: জাতিসংঘ,খেলাধুলা,7.0,0.25,25.0
20051532,আজ টিভিতে যা দেখবেন (১২ মার্চ ২০২৪),খেলাধুলা,7.0,0.25,25.0
20170284,"

অতীত নিয়ে থাকতে চান না হৃদয়
",খেলাধুলা,7.0,0.25,25.0
20051908,বিপিএলের পর এবার শুরু হয়েছে ডিপিএল,খেলাধুলা,7.0,0.25,25.0
20170266,"

 সারি-ইমনের হ্যাটট্রিকে মোহামেডানের জয়
",খেলাধুলা,7.0,0.25,25.0
20170756,"

নতুন কোচ পেলেন লিটন-শান্তরা
",খেলাধুলা,7.0,0.25,25.0
20044753,ব্যাটে-বলে উজ্জ্বল সাব্বির-তানভীর জয়ে শুরু আবাহনীর,খেলাধুলা,7.0,0.25,25.0
20044740,তামিম ‘বল’ তুলে দিলেন পাপনের হাতে,খেলাধুলা,7.0,0.25,25.0
20044741,সুদানের সঙ্গে ড্র’তে খুশি কাবরেরা,খেলাধুলা,7.0,0.25,25.0
20044742,ওয়ানডে সিরিজ জিততে আত্মবিশ্বাসী হৃদয়,খেলাধুলা,7.0,0.25,25.0
20044743,সারি-ইমনের হ্যাটট্রিকে বড় জয় মোহামেডানের,খেলাধুলা,7.0,0.25,25.0
20171037,"

সৌম্যকে নিয়ে বড় আশা অধিনায়ক শান্তের
",খেলাধুলা,7.0,0.25,25.0
20044744,‘শর্ত দিয়ে খেলবে এটা শুনতে যেন কেমন দেখায়’,খেলাধুলা,7.0,0.25,25.0
20051619,অবশেষে স্কোয়াড ঘোষণা করলো শ্রীলঙ্কা,খেলাধুলা,7.0,0.25,25.0
20044748,প্রাইম ব্যাংকের জয়ে ব্যাট হাতে চমক অপুর,খেলাধুলা,7.0,0.25,25.0
20044751,"নিউজিল্যান্ডের আক্ষেপ, ক্যারির বীরত্বে রোমাঞ্চকর জয় অস্ট্রেলিয়ার",খেলাধুলা,7.0,0.25,25.0
20051882,রমজান উপলক্ষ্যে বিশ্ব মুসলিমকে যে বার্তা দিলেন এরদোগান,খেলাধুলা,7.0,0.25,25.0
20044752,ইতালিতে ঢুস মেরে চাকরি খোয়ালেন কোচ,খেলাধুলা,7.0,0.25,25.0
20044746,নিজেকে নির্দোষ দাবি রোনালদোর,খেলাধুলা,7.0,0.25,25.0
20051881,"প্রেমিকার সঙ্গে বাগদানের সময় মৃত্যুর কোলে ঢলে পড়লেন যুবক, অতঃপর...",বিনোদন,8.0,0.125,12.5
20051874,আবার মা হয়েছেন মৌসুমী,বিনোদন,8.0,0.125,12.5
20051873,শাকিবের সঙ্গে কাটানো যে স্মৃতিতে ভাসলেন বুবলী,বিনোদন,8.0,0.125,12.5
20051625,"সোমালিয়ার দস্যুদের কবলে বাংলাদেশি জাহাজ, ২৩ নাবিক জিম্মি",বিনোদন,8.0,0.125,12.5
20182981,"

হঠাৎ উপস্থিত রবি চৌধুরী
",বিনোদন,8.0,0.125,12.5
20051891,কেট মিডলটনের আংটি ছাড়া ছবি ঘিরে ব্রিটেনে তোলপাড়,বিনোদন,8.0,0.125,12.5
20182965,"

অস্কারের আসর যেন ‘ওপেনহাইমার’ রজনী
",বিনোদন,8.0,0.125,12.5
20182973,"

অস্কার চলাকালীন থিয়েটারের বাইরে ফিলিস্তিনপন্থীদের বিক্ষোভ
",বিনোদন,8.0,0.125,12.5
20044683,অক্ষয়কে ব্যাঙ্গ করলেন স্ত্রী টুইঙ্কেল,বিনোদন,8.0,0.125,12.5
20044682,বিয়ে করতে গিয়ে গ্রেপ্তার,বিনোদন,8.0,0.125,12.5
20044681,বঙ্গবন্ধুকে নিয়ে গাইলেন ইভা,বিনোদন,8.0,0.125,12.5
20168367,"

জীবনের শেষ সিনেমাতেও অস্কার জিতলেন হায়াও মিয়াজাকি
",বিনোদন,8.0,0.125,12.5
20044680,সেরা অভিনেতা হলেন শাহরুখ,বিনোদন,8.0,0.125,12.5
20044679,৯৬তম অস্কার পেলেন যারা-,বিনোদন,8.0,0.125,12.5
20051888,ইসরাইল আমাদের ইহুদিসত্তাকে ছিনিয়ে নিয়েছে: অস্কার বিজয়ী গ্লিজার,বিনোদন,8.0,0.125,12.5
20051872,আমার ব্যক্তিগত জীবন নিয়ে খুঁচিয়ে লাভ নেই: তাপসী,বিনোদন,8.0,0.125,12.5
20044678,শাকিবের নায়িকা হচ্ছেন মিমি-নাবিলা,বিনোদন,8.0,0.125,12.5
20171500,"

ছিনতাই হওয়া বাংলাদেশী জাহাজের নাবিকদের পরিচয় মিলেছে
",বিনোদন,8.0,0.125,12.5
20051869,লোকসভা নির্বাচনের টিকিট না পেয়ে যা বললেন নুসরাত,বিনোদন,8.0,0.125,12.5
20051326,বেতনের দাবিতে এফডিসির কর্মকর্তা-কর্মচারীদের মানববন্ধন,বিনোদন,8.0,0.125,12.5
20044773,আর প্রেম নয়,বিনোদন,8.0,0.125,12.5
20044772,এক ডজন গানে নওশীন,বিনোদন,8.0,0.125,12.5
20171538,"

`ত্রাণের সারিতে ইসরাইলি হামলায় নিহত হয়েছে ৪০০ ফিলিস্তিনি'
",বিনোদন,8.0,0.125,12.5
20051328,কেট মিডলটনের ছবি কেলেঙ্কারিকে ঘিরে বৃটেনে তোলপাড়,বিনোদন,8.0,0.125,12.5
20170705,"

পারিবারিক ছবি এডিট করার জন্য ক্ষমা চাইলেন প্রিন্সেস কেট
",বিনোদন,8.0,0.125,12.5
20171578,"

সুপ্রিম কোর্টের ধমক খেয়ে নির্বাচনী বন্ডের তথ্য জমা দিল ভারতের বৃহত্তম ব্যাঙ্ক
",বিনোদন,8.0,0.125,12.5
20044693,শারীরিক হেনস্তার শিকার অভিনেত্রী,বিনোদন,8.0,0.125,12.5
20171442,"

মদিনায় তাহাফফুজে খতমে নবুওয়তের আলোচনা ও ইফতার মাহফিল
",অন্যান্য,9.0,0.0,0.0
20171177,"

ইফতারের ফজিলত
",অন্যান্য,9.0,0.0,0.0
20051319,কূটনৈতিক উত্তেজনার মধ্যেই মালদ্বীপ থেকে ভারতীয় সেনা প্রত্যাহার শুরু,অন্যান্য,9.0,0.0,0.0
20171528,"

জিম্মিদের ওপর যৌন সহিংসতায় ইসরাইলের হামলা বৈধতা দেয় না : জাতিসঙ্ঘ দূত
",অন্যান্য,9.0,0.0,0.0
20168424,"

রমজান ঈদ এবং মূল্যবৃদ্ধি
",অন্যান্য,9.0,0.0,0.0
20170996,"

রমজানে মুমিনের করণীয়
",অন্যান্য,9.0,0.0,0.0
20168364,"

নববী আদর্শেই উম্মাহর মুক্তি
",অন্যান্য,9.0,0.0,0.0
20171315,"

মালয়েশিয়ায় পুলিশের সাথে বন্দুকযুদ্ধে বাংলাদেশীসহ নিহত ৩
",অন্যান্য,9.0,0.0,0.0
20168348,"
সুশাসন 
কৃষি হতে পারে আমাদের সমৃদ্ধির মূল চালিকাশক্তি
",অন্যান্য,9.0,0.0,0.0
20168298,"

 রমজানের পূর্বপ্রস্তুতি
",অন্যান্য,9.0,0.0,0.0
20170886,"

রমজানে যা খাওয়া যাবে, যা যাবে না
",অন্যান্য,9.0,0.0,0.0
20051934,শেকল ছেঁড়ার নেশায় দুর্বার বীর বাঙালি,অন্যান্য,9.0,0.0,0.0
20044738,খাদ্যের মূল্যবৃদ্ধিতে আমরাও মানবিক বিপর্যয়ের মুখোমুখি,অন্যান্য,9.0,0.0,0.0
20044692,দক্ষিণ এশিয়ায় গণতন্ত্র টিকে থাকার লড়াই করছে,অন্যান্য,9.0,0.0,0.0
20182953,"
সংযমের মাস মাহে রমজান   
আত্মশুদ্ধি অর্জন হোক লক্ষ্য
",অন্যান্য,9.0,0.0,0.0
20182938,"

আল কুরআনের বাণী
",অন্যান্য,9.0,0.0,0.0
20170608,"

খোশ আমদেদ মাহে রমজান
",অন্যান্য,9.0,0.0,0.0
20044697,"ড. ইউনূসকে হয়রানিতে আইনের অপব্যবহার হতে পারে, ভারতীয় পণ্য বর্জনের বিষয়ে আমরা অবহিত: ম্যাথিউ মিলার",অন্যান্য,9.0,0.0,0.0
20170681,"
তৃতীয় নয়ন 
ঢাকার যানবাহন
",অন্যান্য,9.0,0.0,0.0
20170689,"
সুশাসন 
কৃষি হতে পারে আমাদের সমৃদ্ধির মূল চালিকাশক্তি
",অন্যান্য,9.0,0.0,0.0
20170697,"

গাজায় ইসরাইলকে সমর্থন : বাইডেনের বিরুদ্ধে ফুঁসছে আরব-আমেরিকানরা
",অন্যান্য,9.0,0.0,0.0
20173602,"
	প্রয়োজন পৃষ্ঠপোষকতা  
নানা গুণে ভরা ভেন্না হতে পারে ভোজ্যতেল ও ঔষধি ফসল
",অন্যান্য,9.0,0.0,0.0
20170270,"

লেবুর হালি ও শসার কেজি শতক ছুঁয়েছে : মাছ-গোশতে আগুন
	চাহিদা মতো সাহরি ও ইফতারসামগ্রী কিনতে পারছেন না অনেকেই
",অন্যান্য,9.0,0.0,0.0
20170735,"

ভারতে 'ক্যা' নিয়ে কেন এত বিতর্ক
",অন্যান্য,9.0,0.0,0.0
20051883,গাজায় ৯ হাজার নারীকে হত্যা করা হয়েছে,অন্যান্য,9.0,0.0,0.0
20173659,"

রমজানের বার্তায় গাজায় ঘৃণ্য অপরাধের অবসান চান সৌদি বাদশাহ
",অন্যান্য,9.0,0.0,0.0
20170770,"
প্রয়োজন পৃষ্ঠপোষকতা 
নানা গুণে ভরা ভেন্না হতে পারে ভোজ্যতেল ও ঔষধি ফসল
",অন্যান্য,9.0,0.0,0.0
20170782,"

আরএএফ : জার্মানিতে সন্ত্রাসবাদের অমীমাংসিত এক অধ্যায়
",অন্যান্য,9.0,0.0,0.0
20173706,"
তৃতীয় নয়ন 
ঢাকার যানবাহন
",অন্যান্য,9.0,0.0,0.0
20173715,"
স্মরণ 
মশিউর রহমান যাদুমিয়া
",অন্যান্য,9.0,0.0,0.0
20173716,"

মুসলমানদের কাটা ঘায়ে নুনের ছিটা
",অন্যান্য,9.0,0.0,0.0
20170840,"

সিনিয়র ম্যানেজার পদে যমুনা গ্রুপে চাকরির সুযোগ
",অন্যান্য,9.0,0.0,0.0
20171265,"

রমজানে মসজিদের ধ্বংসস্তুপে নামাজ আদায় করছেন গাজাবাসী
",অন্যান্য,9.0,0.0,0.0
20044686,তারাকান্দায় ঝুঁঁকিপূর্ণ ভবনে নাগরিক সেবা,রাজনীত,,,
20044694,পদত্যাগে রাজি হয়েছেন হাইতির প্রধানমন্ত্রী অ্যারিয়েল হেনরি,রাজনীত,,,
20044702,ডামি সরকারের পতন না হওয়া পর্যন্ত জনতার সংগ্রাম চলবে: মুক্তাদির,রাজনীত,,,
20044705,বিএনপি জালিম সরকারের কাছে মাথা নত করবে না: দুলু,রাজনীত,,,
20044706,নাজিরপুরে বিএনপি’র ৩ নেতাকর্মী কারাগারে,রাজনীত,,,
20044707,সিরাজদিখানে আওয়ামী লীগ কার্যালয়ে ভাঙচুরের প্রতিবাদে মানববন্ধন,রাজনীত,,,
20044715,গবেষণায় বিশেষ প্রণোদনা প্যাকেজ দেবে সরকার,রাজনীত,,,
20044717,স্থানীয় সরকার নির্বাচনে টার্ন-আউট ঈর্ষণীয়: ওবায়দুল কাদের,রাজনীত,,,
20044718,দেশে সরকারের চেয়ে সিন্ডিকেট শক্তিশালী: জিএম কাদের,রাজনীত,,,
20044719,রহস্যের আবর্তে ৫ হত্যা,রাজনীত,,,
20044720,মাঠে নামছেন আওয়ামী লীগের কেন্দ্রীয় নেতারা,রাজনীত,,,
20044724,নিসচা মৌলভীবাজার জেলা কমিটির অনুমোদন,রাজনীত,,,
20044726,এনায়েতপুরে ফের ইভটিজারের পক্ষে মাঠে নামলো আওয়ামী লীগ,রাজনীত,,,
20044733,যুক্তরাষ্ট্রের সঙ্গে সম্পর্ক আরও দৃঢ় হবে: আশা পররাষ্ট্রমন্ত্রীর,রাজনীত,,,
20044734,বিএনপি মানে জনগণ জনগণ মানে বিএনপি- খসরু,রাজনীত,,,
20044735,"আন্দোলন থেমে থাকবে না, চলবে- মির্জা আব্বাস",রাজনীত,,,
20044737,গোলাপগঞ্জে প্রবাসী পরিবারকে হয়রানি,রাজনীত,,,
20044747,জামালের মুক্তির দাবিতে সিলেটে বিক্ষোভ,রাজনীত,,,
20044749,নির্বাচনে আহত সমর্থকদের দেখতে গেলেন কায়সার,রাজনীত,,,
20044757,চট্টগ্রামে জামায়াতের আলোচনা সভা,রাজনীত,,,
20044762,কারামুক্ত জামায়াতের আমীর,রাজনীত,,,
20044763,মোবাইল কোর্ট বসিয়ে সাংবাদিককে কারাদণ্ড দেয়ায় নিন্দা-উদ্বেগ,রাজনীত,,,
20044771,নির্বাচনের নতুন তারিখ ঘোষণার দাবি বিএনপির,রাজনীত,,,
20051322,সর্বোচ্চ বিচারঙ্গনের আইনজীবীদের মর্যাদা ধুলোয় মিশিয়ে দিয়েছে সরকার: রিজভী,রাজনীত,,,
20051327,পাকিস্তানের মন্ত্রীসভায় স্থান পেলেন যারা,রাজনীত,,,
20051618,হরিয়ানায় হট্টগোল: লোকসভা নির্বাচনের মুখে ইস্তফা দিলেন মুখ্যমন্ত্রী মনোহর লাল খট্টর,রাজনীত,,,
20051848,রমজানে নেতাকর্মীদের উদ্দেশ্যে ৮ নির্দেশনা দিল ছাত্রলীগ,রাজনীত,,,
20051851,"নির্বাচন নিয়ে সরকারের কাছে কী দাবি ছিল বিএনপির, জানালেন মঈন খান",রাজনীত,,,
20051858,নতুন করে নির্বাচন চায় বিএনপি,রাজনীত,,,
20051870,‘আপনারা কি আমাকে চেনেন? কী নাম আমার?’,রাজনীত,,,
20051876,পাকিস্তানের নতুন পররাষ্ট্রমন্ত্রী কে এই ইসহাক দার,রাজনীত,,,
20051877,হাইতির প্রধানমন্ত্রীর পদত্যাগ,রাজনীত,,,
20051885,গাজাবাসীর অনুপ্রেরণায় ইসলাম গ্রহণ করলেন মার্কিন লেখক শন কিং,রাজনীত,,,
20051887,মালদ্বীপ থেকে সেনা প্রত্যাহার শুরু ভারতের,রাজনীত,,,
20051893,পাকিস্তানের সঙ্গে কাজ করতে প্রস্তুত চীন,রাজনীত,,,
20051932,এক কেন্দ্রেও জয় পাননি পরাজিত চার প্রার্থী,রাজনীত,,,
20051938,ড. ইউনূস ইস্যুতে যা বলল মার্কিন পররাষ্ট্র দপ্তর,রাজনীত,,,
20051940,ভারতীয় পণ্য বর্জন ইস্যুতে যা বলল যুক্তরাষ্ট্র,রাজনীত,,,
20170135,"

সাংবাদিক রানার মুক্তি দাবিতে ফেনীতে মানববন্ধন
",রাজনীত,,,
20170230,"

৪৫তম মৃত্যুবার্ষিকী আজ যাদু মিয়াকে জাতি চিরদিন স্মরণ করবে : বাংলাদেশ ন্যাপ
",রাজনীত,,,
20170243,"
	চট্টগ্রামে আমীর খসরু 
৭ জানুয়ারির নির্বাচন অনেকটা মিলিটারি ক্যুর মতো
",রাজনীত,,,
20170250,"

গুম ও হত্যার শিকার নেতাকর্মীর পরিবারের পাশে মহানগর উত্তর বিএনপি
",রাজনীত,,,
20170253,"

ইসলামী আন্দোলনের অগ্রযাত্রায় শাহাদত প্রেরণার উৎস : অধ্যাপক মুজিব
",রাজনীত,,,
20170326,"
 	দেশবাসীকে রমজানের শুভেচ্ছা 
দ্রব্যমূল্য ক্রয়ক্ষমতার মধ্যে আনতে হবে -খেলাফত মজলিস
",রাজনীত,,,
20170348,"

বিএনপি জালিম সরকারের কাছে মাথা নত করবে না : দুলু
",রাজনীত,,,
20170433,"

মোবাইল কোর্ট বসিয়ে সাংবাদিককে কারাদণ্ড, সম্পাদক পরিষদের নিন্দা-উদ্বেগ
",রাজনীত,,,
20170485,"

বিশ্বের মুসলিমদের রমজানের শুভেচ্ছা বাইডেন ও ট্রুডোর
",রাজনীত,,,
20170507,"

কনস্যুলার সার্ভিসের জন্য প্রয়োজনীয় জনবল দেয়া সম্ভব না - দূতাবাস সম্পর্কে পররাষ্ট্রমন্ত্রী
",রাজনীত,,,
20170557,"

বর্তমান সরকার সুপ্রিম কোর্টকেও অপবিত্র করেছে : রিজভী
",রাজনীত,,,
20170562,"
	বিভিন্ন স্থানে সাহরি-ইফতারির প্যাকেট বিতরণ 
জামায়াতের আমির ডা: শফিকের মুক্তিলাভ
",রাজনীত,,,
20170583,"

 জামিনে মুক্তি পাওয়া বিএনপির নেতাকর্মীরা খাঁচায় পোষা মুরগির মতো :  আব্বাস
",রাজনীত,,,
20170585,"

 গণমানুষকে জাগাতে বেরিয়ে পড়লেন ভাসানী
",রাজনীত,,,
20170601,"

ভারতে ‘বিতর্কিত’ নাগরিকত্ব আইন কার্যকর
",রাজনীত,,,
20170615,"

রমজান মাসে বিএনপি যতই কর্মসূচি পালন করবে ততই জনবিচ্ছিন্ন হয়ে পড়বে : ওবায়দুল কাদের
",রাজনীত,,,
20170628,"
	ফার্স্ট লেডি আসিফা ভুট্টো 
পাকিস্তানে শপথ নিলেন ১৯ মন্ত্রী
",রাজনীত,,,
20170644,"
	বাম জোটের সমাবেশে নেতারা 
জনগণের মিছিল না ঠেকিয়ে দুর্নীতিবাজদের বিরুদ্ধে অভিযান চালান
",রাজনীত,,,
20170659,"

চিকিৎসাবিজ্ঞান গবেষণায় বিশেষ প্রণোদনা প্যাকেজ দেবে সরকার : প্রধানমন্ত্রী
",রাজনীত,,,
20170721,"

হংকংয়ের নতুন জাতীয় নিরাপত্তা বিলে কঠোর শাস্তির বিধান
",রাজনীত,,,
20170749,"

পাকিস্তানের ফার্স্ট লেডি হলেন আসিফা ভুট্টো
",রাজনীত,,,
20170831,"

হাইতির প্রধানমন্ত্রীর পদত্যাগ
",রাজনীত,,,
20170865,"

আজ এতিম ও আলেমদের সাথে ইফতার করবে বিএনপি
",রাজনীত,,,
20170931,"

শিক্ষাঙ্গনে ইফতার মাহফিল নিষিদ্ধের প্রতিবাদ ছাত্রদলের
",রাজনীত,,,
20170935,"

যুবদলের সাধারণ সম্পাদক মোনায়েম মুন্নার বাসায় মঈন খান
",রাজনীত,,,
20170971,"

আইনজীবীদের মর্যাদা ধূলায় লুটিয়ে দিয়েছে সরকার : রিজভী
",রাজনীত,,,
20171033,"

মানবাধিকার ও আইনের শাসন বজায় রাখতে বাংলাদেশ প্রতিশ্রুতিবদ্ধ : স্পিকার
",রাজনীত,,,
20171078,"

মালদ্বীপ থেকে সৈন্য প্রত্যাহার শুরু করল ভারত
",রাজনীত,,,
20171117,"

‘দ্রব্যমূল্যের লাগামহীন ঊর্ধ্বগতির কারণে জনজীবন বিপর্যস্ত হয়ে পড়েছে’
",রাজনীত,,,
20171205,"

চুয়াডাঙ্গায় ইউপি চেয়ারম্যানের বরখাস্ত চেয়ে সদস্যদের অনাস্থা প্রস্তাব
",রাজনীত,,,
20171252,"

নিখোঁজের তিন দিন পর আ’ লীগ নেতার ছেলের লাশ উদ্ধার
",রাজনীত,,,
20171277,"

বাংলাদেশ-ভারতের সাথে সম্পর্ককে গুরুত্ব দেয় যুক্তরাষ্ট্র : মুখপাত্র
",রাজনীত,,,
20171293,"

প্রথম রোজায় এতিম ও আলেম-ওলামাদের সাথে বিএনপির ইফতার
",রাজনীত,,,
20171320,"

চট্টগ্রামে এতিমদের সম্মানে মহানগরী জামায়াতের ইফতার
",রাজনীত,,,
20171359,"

বিএনপি জনগণের ধর্মীয় মূল্যবোধের বিপক্ষে দাঁড়িয়েছে : ওবায়দুল কাদের
",রাজনীত,,,
20171372,"

দুনিয়ার জেলখানা মুমিনের পাক সাফ হওয়ার জায়গা : জামায়াত আমির
",রাজনীত,,,
20171397,"

মিয়ানমারের সীমান্তরক্ষীদের ফেরত পাঠাতে কাজ করছে সরকার : পররাষ্ট্রমন্ত্রী
",রাজনীত,,,
20171411,"

বঞ্চিত মানুষের অধিকার আদায়ে কল্যাণরাষ্ট্র প্রতিষ্ঠার বিকল্প নেই : হেলাল উদ্দিন
",রাজনীত,,,
20171432,"

আসামে সিএএ প্রতিবাদের ঝড়, যা বললেন মুখ্যমন্ত্রী
",রাজনীত,,,
20171443,"

ওমান উপসাগরে চীন, রাশিয়া ও ইরানের যৌথ নৌ মহড়া
",রাজনীত,,,
20171535,"

ভান্ডারিয়ায় ৬০ হাজার পরিবারে মিরাজুল ইসলামের ইফতার সামগ্রী উপহার
",রাজনীত,,,
20171548,"

বাংলাদেশের সাথে জাপানের সুসম্পর্ক আরো গভীর হবে : রেলমন্ত্রী
",রাজনীত,,,
20172953,"

ভারতে সংশোধিত নাগরিকত্ব আইন কার্যকর, প্রতিবাদে আসামে বিক্ষোভ
",রাজনীত,,,
20172981,"

নয়া দিগন্তের আদমদীঘি সংবাদদাতা সামছুল আলমের ইন্তেকাল
",রাজনীত,,,
20173006,"

মাহে রমজানকে স্বাগত জানিয়ে ঢাকা মহানগর পশ্চিম শিবিরের র‍্যালি
",রাজনীত,,,
20173037,"

বান্দরবানে ফের আশ্রয় বিজিপির ১৭৫ জনের 	
রাখাইনে আরাকান আর্মির হামলায় জান্তার কর্নেল নিহত
",রাজনীত,,,
20173047,"
	নিহতের সংখ্যা বেড়ে ৩১,১১২ জনে দাঁড়িয়েছে 
ক্ষুধা, অবরোধ ও হামলার মধ্যেই রমজানকে বরণ গাজাবাসীর
",রাজনীত,,,
20173069,"

পিরোজপুরে নৌকার পক্ষে কাজ করায় পিটিয়ে আহত
",রাজনীত,,,
20173091,"

প্রধানমন্ত্রীর প্রেস সচিব ইহসানুল করিমের জানাজা অনুষ্ঠিত
",রাজনীত,,,
20173591,"

  রামগতিতে এমপি ফরিদুন্নাহার লাইলীকে সংবর্ধনা 
",রাজনীত,,,
20173628,"

লক্ষ্মীপুরে এক যুগ পর ৫ ইউপিতে নির্বাচনের তফসিল ঘোষণা
",রাজনীত,,,
20173685,"

আইনিপ্রক্রিয়া মোকাবেলায় প্রস্তুত পাকিস্তানের সাবেক প্রেসিডেন্ট
",রাজনীত,,,
20223789,"ভারতীয় সেনাদের আত্মত্যাগকে স্যালুট, সত্যিকারের প্রয়োজনে তারা আমাদের পাশে ছিল: স্বরাষ্ট্রমন্ত্রী",রাজনীত,,,
20223792,সুষ্ঠু নির্বাচনের বিকল্প নেই: মঈন খান,রাজনীত,,,
20223793,কৃষিমন্ত্রীর সঙ্গে সুইজারল্যান্ডের রাষ্ট্রদূতের বৈঠক,রাজনীত,,,
20223798,সমাজসেবা মানুষের মাঝে বেঁচে থাকার মাধ্যম: দীপু মনি,রাজনীত,,,
20223822,মাসব্যাপী গণ-ইফতারের উদ্বোধন এবি পার্টির,রাজনীত,,,
20223831,জালেমের জুলুম টিকে থাকতে পারে না: মির্জা আব্বাস,রাজনীত,,,
